-- MySQL dump 10.13  Distrib 8.0.40, for Linux (x86_64)
--
-- Host: localhost    Database: Hospital_Database
-- ------------------------------------------------------
-- Server version	8.0.40-0ubuntu0.22.04.1

/*!40101 SET @OLD_CHARACTER_SET_CLIENT=@@CHARACTER_SET_CLIENT */;
/*!40101 SET @OLD_CHARACTER_SET_RESULTS=@@CHARACTER_SET_RESULTS */;
/*!40101 SET @OLD_COLLATION_CONNECTION=@@COLLATION_CONNECTION */;
/*!50503 SET NAMES utf8mb4 */;
/*!40103 SET @OLD_TIME_ZONE=@@TIME_ZONE */;
/*!40103 SET TIME_ZONE='+00:00' */;
/*!40014 SET @OLD_UNIQUE_CHECKS=@@UNIQUE_CHECKS, UNIQUE_CHECKS=0 */;
/*!40014 SET @OLD_FOREIGN_KEY_CHECKS=@@FOREIGN_KEY_CHECKS, FOREIGN_KEY_CHECKS=0 */;
/*!40101 SET @OLD_SQL_MODE=@@SQL_MODE, SQL_MODE='NO_AUTO_VALUE_ON_ZERO' */;
/*!40111 SET @OLD_SQL_NOTES=@@SQL_NOTES, SQL_NOTES=0 */;

--
-- Table structure for table `appointments`
--

DROP TABLE IF EXISTS `appointments`;
/*!40101 SET @saved_cs_client     = @@character_set_client */;
/*!50503 SET character_set_client = utf8mb4 */;
CREATE TABLE `appointments` (
  `ID` int unsigned NOT NULL AUTO_INCREMENT,
  `Patient_ID` int unsigned NOT NULL,
  `Doctor_ID` int unsigned NOT NULL,
  `Appointment_Date` date NOT NULL,
  PRIMARY KEY (`ID`),
  KEY `Patient_ID` (`Patient_ID`),
  KEY `Doctor_ID` (`Doctor_ID`),
  CONSTRAINT `appointments_ibfk_1` FOREIGN KEY (`Patient_ID`) REFERENCES `patients` (`ID`),
  CONSTRAINT `appointments_ibfk_2` FOREIGN KEY (`Doctor_ID`) REFERENCES `doctors` (`ID`)
) ENGINE=InnoDB AUTO_INCREMENT=620 DEFAULT CHARSET=utf8mb4 COLLATE=utf8mb4_0900_ai_ci;
/*!40101 SET character_set_client = @saved_cs_client */;

--
-- Dumping data for table `appointments`
--

LOCK TABLES `appointments` WRITE;
/*!40000 ALTER TABLE `appointments` DISABLE KEYS */;
INSERT INTO `appointments` VALUES (1,1,1,'2024-07-01'),(2,41,1,'2024-08-10'),(3,81,1,'2024-05-15'),(4,121,1,'2024-03-22'),(5,161,1,'2024-10-03'),(6,261,1,'2024-06-18'),(7,361,1,'2024-09-12'),(8,421,1,'2024-04-20'),(9,441,1,'2024-11-29'),(10,521,1,'2024-07-17'),(11,571,1,'2024-02-28'),(12,2,2,'2024-01-14'),(13,42,2,'2024-08-25'),(14,82,2,'2024-03-01'),(15,122,2,'2024-10-08'),(16,162,2,'2024-06-05'),(17,262,2,'2024-12-04'),(18,362,2,'2024-04-13'),(19,422,2,'2024-02-09'),(20,442,2,'2024-09-22'),(21,522,2,'2024-03-30'),(22,572,2,'2024-05-07'),(23,3,3,'2024-02-16'),(24,43,3,'2024-06-01'),(25,83,3,'2024-03-05'),(26,123,3,'2024-08-19'),(27,163,3,'2024-11-10'),(28,263,3,'2024-05-03'),(29,363,3,'2024-12-19'),(30,423,3,'2024-04-06'),(31,443,3,'2024-07-24'),(32,523,3,'2024-03-15'),(33,573,3,'2024-08-01'),(34,4,4,'2024-07-09'),(35,44,4,'2024-06-29'),(36,84,4,'2024-01-21'),(37,124,4,'2024-09-14'),(38,164,4,'2024-05-11'),(39,264,4,'2024-03-18'),(40,364,4,'2024-12-02'),(41,424,4,'2024-07-13'),(42,444,4,'2024-10-21'),(43,524,4,'2024-06-22'),(44,574,4,'2024-11-12'),(45,5,5,'2024-07-26'),(46,45,5,'2024-03-09'),(47,85,5,'2024-06-15'),(48,125,5,'2024-10-02'),(49,165,5,'2024-04-14'),(50,265,5,'2024-02-18'),(51,365,5,'2024-11-19'),(52,425,5,'2024-01-28'),(53,445,5,'2024-08-11'),(54,525,5,'2024-04-09'),(55,575,5,'2024-03-12'),(56,6,6,'2024-04-18'),(57,46,6,'2024-03-29'),(58,86,6,'2024-07-05'),(59,126,6,'2024-06-15'),(60,166,6,'2024-10-13'),(61,266,6,'2024-08-06'),(62,366,6,'2024-09-30'),(63,426,6,'2024-01-14'),(64,446,6,'2024-04-02'),(65,526,6,'2024-03-17'),(66,576,6,'2024-11-04'),(67,7,7,'2024-05-02'),(68,47,7,'2024-07-11'),(69,87,7,'2024-10-09'),(70,127,7,'2024-06-25'),(71,167,7,'2024-12-14'),(72,267,7,'2024-03-06'),(73,367,7,'2024-11-20'),(74,427,7,'2024-02-17'),(75,447,7,'2024-05-21'),(76,527,7,'2024-08-16'),(77,577,7,'2024-04-28'),(78,8,8,'2024-04-07'),(79,48,8,'2024-07-23'),(80,88,8,'2024-03-12'),(81,128,8,'2024-11-24'),(82,168,8,'2024-05-19'),(83,268,8,'2024-06-27'),(84,368,8,'2024-01-11'),(85,428,8,'2024-08-03'),(86,448,8,'2024-09-12'),(87,528,8,'2024-04-14'),(88,578,8,'2024-11-01'),(89,9,9,'2024-02-25'),(90,49,9,'2024-04-29'),(91,89,9,'2024-06-21'),(92,129,9,'2024-09-15'),(93,169,9,'2024-03-08'),(94,269,9,'2024-11-27'),(95,369,9,'2024-07-18'),(96,429,9,'2024-12-10'),(97,449,9,'2024-01-31'),(98,529,9,'2024-08-30'),(99,579,9,'2024-04-03'),(100,10,10,'2024-06-26'),(101,50,10,'2024-02-21'),(102,90,10,'2024-03-25'),(103,130,10,'2024-08-05'),(104,170,10,'2024-11-06'),(105,270,10,'2024-04-25'),(106,370,10,'2024-01-29'),(107,430,10,'2024-09-04'),(108,450,10,'2024-03-04'),(109,530,10,'2024-05-28'),(110,580,10,'2024-07-30'),(111,11,11,'2024-02-11'),(112,51,11,'2024-08-01'),(113,91,11,'2024-06-17'),(114,131,11,'2024-09-10'),(115,171,11,'2024-11-16'),(116,271,11,'2024-05-14'),(117,371,11,'2024-07-12'),(118,431,11,'2024-01-20'),(119,451,11,'2024-04-08'),(120,531,11,'2024-10-04'),(121,581,11,'2024-03-01'),(122,12,12,'2024-04-14'),(123,52,12,'2024-05-20'),(124,92,12,'2024-10-10'),(125,132,12,'2024-07-01'),(126,172,12,'2024-11-04'),(127,272,12,'2024-09-14'),(128,372,12,'2024-03-17'),(129,432,12,'2024-02-18'),(130,452,12,'2024-08-12'),(131,532,12,'2024-06-05'),(132,582,12,'2024-01-29'),(133,13,13,'2024-02-08'),(134,53,13,'2024-07-25'),(135,93,13,'2024-11-21'),(136,133,13,'2024-05-18'),(137,173,13,'2024-03-05'),(138,273,13,'2024-08-08'),(139,373,13,'2024-04-12'),(140,433,13,'2024-10-17'),(141,453,13,'2024-07-19'),(142,533,13,'2024-06-03'),(143,583,13,'2024-01-22'),(144,14,14,'2024-03-28'),(145,54,14,'2024-09-11'),(146,94,14,'2024-07-03'),(147,134,14,'2024-10-12'),(148,174,14,'2024-05-23'),(149,274,14,'2024-08-06'),(150,374,14,'2024-02-17'),(151,434,14,'2024-04-05'),(152,454,14,'2024-06-14'),(153,534,14,'2024-03-09'),(154,584,14,'2024-09-30'),(155,15,15,'2024-04-16'),(156,55,15,'2024-07-21'),(157,95,15,'2024-10-02'),(158,135,15,'2024-01-15'),(159,175,15,'2024-03-30'),(160,275,15,'2024-11-10'),(161,375,15,'2024-05-07'),(162,435,15,'2024-06-21'),(163,455,15,'2024-07-09'),(164,535,15,'2024-09-23'),(165,585,15,'2024-10-15'),(166,16,16,'2024-05-05'),(167,56,16,'2024-01-12'),(168,96,16,'2024-08-24'),(169,136,16,'2024-07-14'),(170,176,16,'2024-06-04'),(171,276,16,'2024-10-08'),(172,376,16,'2024-09-20'),(173,436,16,'2024-03-22'),(174,456,16,'2024-04-26'),(175,536,16,'2024-06-15'),(176,586,16,'2024-11-11'),(177,17,17,'2024-03-27'),(178,57,17,'2024-07-08'),(179,97,17,'2024-02-10'),(180,137,17,'2024-04-24'),(181,177,17,'2024-09-05'),(182,277,17,'2024-01-26'),(183,377,17,'2024-10-14'),(184,437,17,'2024-08-09'),(185,457,17,'2024-06-11'),(186,537,17,'2024-11-03'),(187,587,17,'2024-05-15'),(188,18,18,'2024-07-13'),(189,58,18,'2024-01-30'),(190,98,18,'2024-03-11'),(191,138,18,'2024-04-15'),(192,178,18,'2024-06-09'),(193,278,18,'2024-09-14'),(194,378,18,'2024-10-18'),(195,438,18,'2024-08-07'),(196,458,18,'2024-03-02'),(197,538,18,'2024-05-25'),(198,588,18,'2024-09-21'),(199,19,19,'2024-02-22'),(200,59,19,'2024-08-07'),(201,99,19,'2024-04-09'),(202,139,19,'2024-07-15'),(203,179,19,'2024-11-08'),(204,279,19,'2024-05-21'),(205,379,19,'2024-03-25'),(206,439,19,'2024-10-04'),(207,459,19,'2024-06-22'),(208,539,19,'2024-01-30'),(209,589,19,'2024-08-14'),(210,20,20,'2024-03-19'),(211,60,20,'2024-09-06'),(212,100,20,'2024-05-12'),(213,140,20,'2024-07-27'),(214,180,20,'2024-11-03'),(215,280,20,'2024-04-28'),(216,380,20,'2024-02-14'),(217,440,20,'2024-10-15'),(218,460,20,'2024-06-06'),(219,540,20,'2024-08-20'),(220,590,20,'2024-03-12'),(221,21,21,'2024-02-27'),(222,61,21,'2024-09-10'),(223,101,21,'2024-06-04'),(224,141,21,'2024-03-18'),(225,181,21,'2024-05-24'),(226,281,21,'2024-10-20'),(227,381,21,'2024-07-29'),(228,461,21,'2024-04-19'),(229,541,21,'2024-09-28'),(230,591,21,'2024-01-15'),(231,22,22,'2024-03-14'),(232,62,22,'2024-09-03'),(233,102,22,'2024-05-17'),(234,142,22,'2024-07-22'),(235,182,22,'2024-02-23'),(236,282,22,'2024-11-04'),(237,382,22,'2024-06-13'),(238,462,22,'2024-08-02'),(239,542,22,'2024-03-28'),(240,592,22,'2024-10-08'),(241,23,23,'2024-02-09'),(242,63,23,'2024-09-11'),(243,103,23,'2024-04-13'),(244,143,23,'2024-06-20'),(245,183,23,'2024-08-17'),(246,283,23,'2024-10-28'),(247,383,23,'2024-03-30'),(248,463,23,'2024-05-27'),(249,543,23,'2024-01-26'),(250,593,23,'2024-07-05'),(251,24,24,'2024-02-13'),(252,64,24,'2024-09-16'),(253,104,24,'2024-05-03'),(254,144,24,'2024-07-18'),(255,184,24,'2024-01-20'),(256,284,24,'2024-03-21'),(257,384,24,'2024-05-23'),(258,464,24,'2024-09-08'),(259,544,24,'2024-06-02'),(260,594,24,'2024-08-29'),(261,25,25,'2024-02-21'),(262,65,25,'2024-09-14'),(263,105,25,'2024-04-27'),(264,145,25,'2024-06-16'),(265,185,25,'2024-10-25'),(266,285,25,'2024-01-30'),(267,385,25,'2024-03-11'),(268,465,25,'2024-07-04'),(269,545,25,'2024-05-31'),(270,595,25,'2024-08-12'),(271,26,26,'2024-02-25'),(272,66,26,'2024-09-05'),(273,106,26,'2024-05-09'),(274,146,26,'2024-07-25'),(275,186,26,'2024-03-01'),(276,286,26,'2024-11-14'),(277,386,26,'2024-06-08'),(278,466,26,'2024-08-04'),(279,546,26,'2024-04-12'),(280,596,26,'2024-10-03'),(281,27,27,'2024-02-06'),(282,67,27,'2024-09-18'),(283,107,27,'2024-05-15'),(284,147,27,'2024-07-10'),(285,187,27,'2024-03-12'),(286,287,27,'2024-10-21'),(287,387,27,'2024-06-27'),(288,467,27,'2024-08-07'),(289,547,27,'2024-01-24'),(290,597,27,'2024-04-30'),(291,28,28,'2024-02-16'),(292,68,28,'2024-09-01'),(293,108,28,'2024-05-06'),(294,148,28,'2024-07-21'),(295,188,28,'2024-03-19'),(296,288,28,'2024-11-01'),(297,388,28,'2024-06-03'),(298,468,28,'2024-08-28'),(299,548,28,'2024-01-25'),(300,598,28,'2024-05-28'),(301,29,29,'2024-02-11'),(302,69,29,'2024-09-20'),(303,109,29,'2024-05-04'),(304,149,29,'2024-07-19'),(305,189,29,'2024-01-26'),(306,289,29,'2024-03-23'),(307,389,29,'2024-06-10'),(308,469,29,'2024-08-23'),(309,549,29,'2024-04-26'),(310,599,29,'2024-10-06'),(311,30,30,'2024-02-14'),(312,70,30,'2024-09-08'),(313,110,30,'2024-05-22'),(314,150,30,'2024-07-16'),(315,190,30,'2024-01-29'),(316,290,30,'2024-03-14'),(317,390,30,'2024-06-30'),(318,470,30,'2024-08-11'),(319,550,30,'2024-04-20'),(320,600,30,'2024-10-15'),(321,31,31,'2024-02-17'),(322,71,31,'2024-09-04'),(323,111,31,'2024-05-14'),(324,151,31,'2024-07-23'),(325,191,31,'2024-03-08'),(326,291,31,'2024-11-12'),(327,391,31,'2024-06-05'),(328,471,31,'2024-08-24'),(329,551,31,'2024-04-28'),(330,32,32,'2024-02-22'),(331,72,32,'2024-09-14'),(332,112,32,'2024-05-09'),(333,152,32,'2024-07-25'),(334,192,32,'2024-03-06'),(335,292,32,'2024-11-18'),(336,392,32,'2024-06-29'),(337,472,32,'2024-08-02'),(338,552,32,'2024-04-13'),(339,33,33,'2024-02-29'),(340,73,33,'2024-09-18'),(341,113,33,'2024-05-16'),(342,153,33,'2024-07-24'),(343,193,33,'2024-03-10'),(344,293,33,'2024-11-09'),(345,393,33,'2024-06-12'),(346,473,33,'2024-08-27'),(347,553,33,'2024-04-17'),(348,34,34,'2024-02-19'),(349,74,34,'2024-09-10'),(350,114,34,'2024-05-20'),(351,154,34,'2024-07-15'),(352,194,34,'2024-03-12'),(353,294,34,'2024-11-20'),(354,394,34,'2024-06-15'),(355,474,34,'2024-08-26'),(356,554,34,'2024-04-30'),(357,35,35,'2024-02-24'),(358,75,35,'2024-09-12'),(359,115,35,'2024-05-18'),(360,155,35,'2024-07-29'),(361,195,35,'2024-03-21'),(362,295,35,'2024-11-28'),(363,395,35,'2024-06-20'),(364,475,35,'2024-08-19'),(365,555,35,'2024-04-26'),(366,36,36,'2024-02-15'),(367,76,36,'2024-09-20'),(368,116,36,'2024-05-28'),(369,156,36,'2024-07-10'),(370,196,36,'2024-03-19'),(371,296,36,'2024-11-15'),(372,396,36,'2024-06-10'),(373,476,36,'2024-08-28'),(374,556,36,'2024-04-19'),(375,37,37,'2024-02-18'),(376,77,37,'2024-09-09'),(377,117,37,'2024-05-12'),(378,157,37,'2024-07-17'),(379,197,37,'2024-03-24'),(380,297,37,'2024-11-25'),(381,397,37,'2024-06-22'),(382,477,37,'2024-08-29'),(383,557,37,'2024-04-28'),(384,38,38,'2024-02-28'),(385,78,38,'2024-09-15'),(386,118,38,'2024-05-25'),(387,158,38,'2024-07-26'),(388,198,38,'2024-03-20'),(389,298,38,'2024-11-22'),(390,398,38,'2024-06-08'),(391,478,38,'2024-08-21'),(392,558,38,'2024-04-12'),(393,39,39,'2024-02-21'),(394,79,39,'2024-09-19'),(395,119,39,'2024-05-29'),(396,159,39,'2024-07-11'),(397,199,39,'2024-03-23'),(398,299,39,'2024-11-30'),(399,399,39,'2024-06-17'),(400,479,39,'2024-08-18'),(401,559,39,'2024-04-22'),(402,40,40,'2024-02-23'),(403,80,40,'2024-09-21'),(404,120,40,'2024-05-27'),(405,160,40,'2024-07-22'),(406,200,40,'2024-03-29'),(407,300,40,'2024-11-27'),(408,400,40,'2024-06-26'),(409,480,40,'2024-08-17'),(410,560,40,'2024-04-14'),(411,201,41,'2024-03-12'),(412,301,41,'2024-06-15'),(413,401,41,'2024-09-18'),(414,481,41,'2024-11-08'),(415,561,41,'2024-01-25'),(416,202,42,'2024-03-19'),(417,302,42,'2024-06-21'),(418,402,42,'2024-09-09'),(419,482,42,'2024-11-27'),(420,562,42,'2024-01-31'),(421,203,43,'2024-03-21'),(422,303,43,'2024-06-28'),(423,403,43,'2024-09-10'),(424,483,43,'2024-12-01'),(425,563,43,'2024-02-03'),(426,204,44,'2024-04-01'),(427,304,44,'2024-07-12'),(428,404,44,'2024-09-25'),(429,484,44,'2024-12-10'),(430,564,44,'2024-02-19'),(431,205,45,'2024-03-28'),(432,305,45,'2024-07-05'),(433,405,45,'2024-09-17'),(434,485,45,'2024-11-15'),(435,565,45,'2024-01-20'),(436,206,46,'2024-03-26'),(437,306,46,'2024-06-25'),(438,406,46,'2024-09-14'),(439,486,46,'2024-12-07'),(440,566,46,'2024-02-18'),(441,207,47,'2024-03-11'),(442,307,47,'2024-06-17'),(443,407,47,'2024-09-11'),(444,487,47,'2024-12-03'),(445,567,47,'2024-02-24'),(446,208,48,'2024-03-24'),(447,308,48,'2024-06-19'),(448,408,48,'2024-09-13'),(449,488,48,'2024-11-17'),(450,568,48,'2024-02-22'),(451,209,49,'2024-03-23'),(452,309,49,'2024-06-26'),(453,409,49,'2024-09-22'),(454,489,49,'2024-11-20'),(455,569,49,'2024-02-21'),(456,210,50,'2024-03-29'),(457,310,50,'2024-06-30'),(458,410,50,'2024-09-28'),(459,490,50,'2024-11-22'),(460,570,50,'2024-02-25'),(461,211,51,'2024-04-08'),(462,311,51,'2024-07-09'),(463,411,51,'2024-09-16'),(464,491,51,'2024-11-27'),(465,212,52,'2024-04-15'),(466,312,52,'2024-07-19'),(467,412,52,'2024-09-18'),(468,492,52,'2024-12-06'),(469,213,53,'2024-04-14'),(470,313,53,'2024-07-20'),(471,413,53,'2024-09-19'),(472,493,53,'2024-12-08'),(473,214,54,'2024-04-19'),(474,314,54,'2024-07-22'),(475,414,54,'2024-09-15'),(476,494,54,'2024-12-12'),(477,215,55,'2024-03-18'),(478,315,55,'2024-06-24'),(479,415,55,'2024-09-12'),(480,495,55,'2024-11-25'),(481,216,56,'2024-03-27'),(482,316,56,'2024-06-20'),(483,416,56,'2024-09-08'),(484,496,56,'2024-11-18'),(485,217,57,'2024-03-25'),(486,317,57,'2024-06-16'),(487,417,57,'2024-09-09'),(488,497,57,'2024-11-24'),(489,218,58,'2024-03-31'),(490,318,58,'2024-06-12'),(491,418,58,'2024-09-15'),(492,498,58,'2024-11-16'),(493,219,59,'2024-04-02'),(494,319,59,'2024-06-28'),(495,419,59,'2024-09-23'),(496,499,59,'2024-11-26'),(497,220,60,'2024-04-04'),(498,320,60,'2024-06-29'),(499,420,60,'2024-09-30'),(500,500,60,'2024-12-01'),(501,221,61,'2024-04-10'),(502,321,61,'2024-07-05'),(503,501,61,'2024-09-11'),(504,222,62,'2024-04-13'),(505,322,62,'2024-07-16'),(506,502,62,'2024-09-19'),(507,223,63,'2024-04-16'),(508,323,63,'2024-07-21'),(509,503,63,'2024-09-22'),(510,224,64,'2024-04-18'),(511,324,64,'2024-07-25'),(512,504,64,'2024-09-29'),(513,225,65,'2024-04-20'),(514,325,65,'2024-07-26'),(515,505,65,'2024-10-02'),(516,226,66,'2024-04-22'),(517,326,66,'2024-07-29'),(518,506,66,'2024-10-05'),(519,227,67,'2024-04-24'),(520,327,67,'2024-08-01'),(521,507,67,'2024-10-09'),(522,228,68,'2024-04-25'),(523,328,68,'2024-08-02'),(524,508,68,'2024-10-12'),(525,229,69,'2024-04-26'),(526,329,69,'2024-08-06'),(527,509,69,'2024-10-14'),(528,230,70,'2024-04-28'),(529,330,70,'2024-08-08'),(530,510,70,'2024-10-17'),(531,231,71,'2024-05-01'),(532,331,71,'2024-08-11'),(533,511,71,'2024-10-20'),(534,232,72,'2024-05-02'),(535,332,72,'2024-08-13'),(536,512,72,'2024-10-25'),(537,233,73,'2024-05-05'),(538,333,73,'2024-08-14'),(539,513,73,'2024-10-29'),(540,234,74,'2024-05-07'),(541,334,74,'2024-08-15'),(542,514,74,'2024-11-01'),(543,235,75,'2024-05-09'),(544,335,75,'2024-08-17'),(545,515,75,'2024-11-05'),(546,236,76,'2024-05-12'),(547,336,76,'2024-08-18'),(548,516,76,'2024-11-08'),(549,237,77,'2024-05-15'),(550,337,77,'2024-08-20'),(551,517,77,'2024-11-12'),(552,238,78,'2024-05-17'),(553,338,78,'2024-08-21'),(554,518,78,'2024-11-15'),(555,239,79,'2024-05-19'),(556,339,79,'2024-08-23'),(557,519,79,'2024-11-20'),(558,240,80,'2024-05-21'),(559,340,80,'2024-08-24'),(560,520,80,'2024-11-25'),(561,241,81,'2024-05-23'),(562,341,81,'2024-08-25'),(563,521,81,'2024-11-27'),(564,242,82,'2024-05-24'),(565,342,82,'2024-08-27'),(566,522,82,'2024-11-29'),(567,243,83,'2024-05-25'),(568,343,83,'2024-08-29'),(569,523,83,'2024-12-01'),(570,244,84,'2024-05-27'),(571,344,84,'2024-08-30'),(572,524,84,'2024-12-03'),(573,245,85,'2024-05-29'),(574,345,85,'2024-08-31'),(575,525,85,'2024-12-05'),(576,246,86,'2024-05-30'),(577,346,86,'2024-09-02'),(578,526,86,'2024-12-07'),(579,247,87,'2024-06-01'),(580,347,87,'2024-09-03'),(581,527,87,'2024-12-10'),(582,248,88,'2024-06-03'),(583,348,88,'2024-09-05'),(584,528,88,'2024-12-13'),(585,249,89,'2024-06-05'),(586,349,89,'2024-09-06'),(587,529,89,'2024-12-16'),(588,250,90,'2024-06-06'),(589,350,90,'2024-09-08'),(590,530,90,'2024-12-18'),(591,251,91,'2024-06-08'),(592,351,91,'2024-09-09'),(593,531,91,'2024-12-21'),(594,252,92,'2024-06-09'),(595,352,92,'2024-09-11'),(596,532,92,'2024-12-23'),(597,253,93,'2024-06-11'),(598,353,93,'2024-09-13'),(599,533,93,'2024-12-26'),(600,254,94,'2024-06-13'),(601,354,94,'2024-09-14'),(602,534,94,'2024-12-28'),(603,255,95,'2024-06-14'),(604,355,95,'2024-09-16'),(605,535,95,'2024-12-30'),(606,256,96,'2024-06-16'),(607,356,96,'2024-09-18'),(608,536,96,'2024-12-31'),(609,257,97,'2024-06-17'),(610,357,97,'2024-09-20'),(611,537,97,'2025-01-02'),(612,258,98,'2024-06-19'),(613,358,98,'2024-09-22'),(614,538,98,'2025-01-04'),(615,259,99,'2024-06-20'),(616,359,99,'2024-09-23'),(617,539,99,'2025-01-06'),(618,260,100,'2024-06-22'),(619,360,100,'2024-09-25');
/*!40000 ALTER TABLE `appointments` ENABLE KEYS */;
UNLOCK TABLES;

--
-- Table structure for table `diseases`
--

DROP TABLE IF EXISTS `diseases`;
/*!40101 SET @saved_cs_client     = @@character_set_client */;
/*!50503 SET character_set_client = utf8mb4 */;
CREATE TABLE `diseases` (
  `ID` int unsigned NOT NULL AUTO_INCREMENT,
  `Disease_Name` varchar(255) NOT NULL,
  `Medication_ID` int unsigned NOT NULL,
  `Specialist_Doctor` int unsigned NOT NULL,
  PRIMARY KEY (`ID`),
  KEY `Medication_ID` (`Medication_ID`),
  KEY `Specialist_Doctor` (`Specialist_Doctor`),
  CONSTRAINT `diseases_ibfk_1` FOREIGN KEY (`Medication_ID`) REFERENCES `medications` (`ID`),
  CONSTRAINT `diseases_ibfk_2` FOREIGN KEY (`Specialist_Doctor`) REFERENCES `doctors` (`ID`)
) ENGINE=InnoDB AUTO_INCREMENT=31 DEFAULT CHARSET=utf8mb4 COLLATE=utf8mb4_0900_ai_ci;
/*!40101 SET character_set_client = @saved_cs_client */;

--
-- Dumping data for table `diseases`
--

LOCK TABLES `diseases` WRITE;
/*!40000 ALTER TABLE `diseases` DISABLE KEYS */;
INSERT INTO `diseases` VALUES (1,'Migraine',1,25),(2,'Arthritis',2,40),(3,'Heart Disease',3,60),(4,'Severe Pain',4,15),(5,'Respiratory Infection',5,80),(6,'Acid Reflux',6,22),(7,'High Cholesterol',7,50),(8,'Type 2 Diabetes',8,12),(9,'High Blood Pressure',9,34),(10,'Kidney Disease',10,78),(11,'Stomach Ulcers',11,44),(12,'Hyperlipidemia',12,18),(13,'Hypothyroidism',13,95),(14,'Depression',14,20),(15,'Anxiety',15,55),(16,'Panic Disorder',16,32),(17,'Hypertension',17,65),(18,'Heart Failure',18,70),(19,'Type 1 Diabetes',19,5),(20,'Edema',20,10),(21,'Inflammation',21,25),(22,'Stomach Acidity',22,46),(23,'Adrenal Insufficiency',23,72),(24,'Chronic Pain',24,88),(25,'Neuropathic Pain',25,63),(26,'Muscle Spasms',26,39),(27,'Bacterial Infection',27,17),(28,'Lyme Disease',28,50),(29,'Asthma',29,45),(30,'Chronic Obstructive Pulmonary Disease (COPD)',30,30);
/*!40000 ALTER TABLE `diseases` ENABLE KEYS */;
UNLOCK TABLES;

--
-- Table structure for table `doctors`
--

DROP TABLE IF EXISTS `doctors`;
/*!40101 SET @saved_cs_client     = @@character_set_client */;
/*!50503 SET character_set_client = utf8mb4 */;
CREATE TABLE `doctors` (
  `ID` int unsigned NOT NULL AUTO_INCREMENT,
  `Doctor_Name` varchar(255) NOT NULL,
  `Hospital_ID` int unsigned NOT NULL,
  PRIMARY KEY (`ID`),
  KEY `Hospital_ID` (`Hospital_ID`),
  CONSTRAINT `doctors_ibfk_1` FOREIGN KEY (`Hospital_ID`) REFERENCES `hospitals` (`ID`)
) ENGINE=InnoDB AUTO_INCREMENT=101 DEFAULT CHARSET=utf8mb4 COLLATE=utf8mb4_0900_ai_ci;
/*!40101 SET character_set_client = @saved_cs_client */;

--
-- Dumping data for table `doctors`
--

LOCK TABLES `doctors` WRITE;
/*!40000 ALTER TABLE `doctors` DISABLE KEYS */;
INSERT INTO `doctors` VALUES (1,'Dr. John Smith',1),(2,'Dr. Emily Johnson',2),(3,'Dr. Robert Williams',3),(4,'Dr. Susan Brown',4),(5,'Dr. Michael Jones',5),(6,'Dr. Sarah Miller',6),(7,'Dr. David Davis',7),(8,'Dr. Laura Garcia',8),(9,'Dr. Thomas Rodriguez',9),(10,'Dr. Karen Martinez',10),(11,'Dr. Daniel Hernandez',11),(12,'Dr. Rachel Lopez',12),(13,'Dr. Peter Gonzalez',13),(14,'Dr. Jessica Wilson',14),(15,'Dr. Christopher Anderson',15),(16,'Dr. Kimberly Thomas',16),(17,'Dr. Andrew Taylor',17),(18,'Dr. Elizabeth Moore',18),(19,'Dr. Matthew Jackson',19),(20,'Dr. Patricia Martin',20),(21,'Dr. James Lee',21),(22,'Dr. Jennifer Perez',22),(23,'Dr. Paul Thompson',23),(24,'Dr. Linda White',24),(25,'Dr. Mark Harris',25),(26,'Dr. Barbara Sanchez',26),(27,'Dr. George Clark',27),(28,'Dr. Maria Ramirez',28),(29,'Dr. Charles Lewis',29),(30,'Dr. Nancy Robinson',30),(31,'Dr. Steven Walker',31),(32,'Dr. Sandra Young',32),(33,'Dr. Joseph Allen',33),(34,'Dr. Sharon King',34),(35,'Dr. Brian Wright',35),(36,'Dr. Deborah Scott',36),(37,'Dr. Edward Torres',37),(38,'Dr. Carol Nguyen',38),(39,'Dr. Kevin Hill',39),(40,'Dr. Ruth Flores',40),(41,'Dr. Jason Green',1),(42,'Dr. Diane Adams',2),(43,'Dr. Patrick Rivera',3),(44,'Dr. Rebecca Campbell',4),(45,'Dr. Scott Mitchell',5),(46,'Dr. Laura Carter',6),(47,'Dr. Justin Roberts',7),(48,'Dr. Shirley Gomez',8),(49,'Dr. Joshua Phillips',9),(50,'Dr. Pamela Evans',10),(51,'Dr. Jonathan Turner',11),(52,'Dr. Catherine Diaz',12),(53,'Dr. Aaron Parker',13),(54,'Dr. Katherine Cruz',14),(55,'Dr. Nicholas Edwards',15),(56,'Dr. Heather Collins',16),(57,'Dr. Brandon Reyes',17),(58,'Dr. Diana Stewart',18),(59,'Dr. Jacob Morris',19),(60,'Dr. Joan Morales',20),(61,'Dr. Nathan Murphy',21),(62,'Dr. Martha Cook',22),(63,'Dr. Adam Rogers',23),(64,'Dr. Judy Gutierrez',24),(65,'Dr. Kyle Ortiz',25),(66,'Dr. Rose Morgan',26),(67,'Dr. Ethan Cooper',27),(68,'Dr. Beverly Peterson',28),(69,'Dr. Zachary Bailey',29),(70,'Dr. Theresa Reed',30),(71,'Dr. Benjamin Kelly',31),(72,'Dr. Lori Howard',32),(73,'Dr. Gregory Ramos',33),(74,'Dr. Carolyn Kim',34),(75,'Dr. Alexander Cox',35),(76,'Dr. Christine Ward',36),(77,'Dr. Samuel Richardson',37),(78,'Dr. Cheryl Watson',38),(79,'Dr. Austin Brooks',39),(80,'Dr. Megan Chavez',40),(81,'Dr. Henry Wood',1),(82,'Dr. Evelyn James',2),(83,'Dr. Gabriel Bennett',3),(84,'Dr. Marie Gray',4),(85,'Dr. Christian Mendoza',5),(86,'Dr. Julie Ruiz',6),(87,'Dr. Jack Hughes',7),(88,'Dr. Ann Price',8),(89,'Dr. Lucas Alvarez',9),(90,'Dr. Gloria Castillo',10),(91,'Dr. Isaac Sanders',11),(92,'Dr. Bonnie Patel',12),(93,'Dr. Owen Myers',13),(94,'Dr. Ruby Long',14),(95,'Dr. Scott Davis',15),(96,'Dr. Lisa Foster',16),(97,'Dr. Thomas Green',17),(98,'Dr. Emma Cook',18),(99,'Dr. Michael Wright',19),(100,'Dr. Rachel Jenkins',20);
/*!40000 ALTER TABLE `doctors` ENABLE KEYS */;
UNLOCK TABLES;

--
-- Table structure for table `hospitals`
--

DROP TABLE IF EXISTS `hospitals`;
/*!40101 SET @saved_cs_client     = @@character_set_client */;
/*!50503 SET character_set_client = utf8mb4 */;
CREATE TABLE `hospitals` (
  `ID` int unsigned NOT NULL AUTO_INCREMENT,
  `Hospital_Name` varchar(255) NOT NULL,
  `Address` varchar(255) NOT NULL,
  `Bed_Size` int NOT NULL,
  `Type` varchar(50) NOT NULL,
  `Emergency_Services` enum('Yes','No') DEFAULT NULL,
  `Year_of_Accreditation` year DEFAULT NULL,
  PRIMARY KEY (`ID`)
) ENGINE=InnoDB AUTO_INCREMENT=41 DEFAULT CHARSET=utf8mb4 COLLATE=utf8mb4_0900_ai_ci;
/*!40101 SET character_set_client = @saved_cs_client */;

--
-- Dumping data for table `hospitals`
--

LOCK TABLES `hospitals` WRITE;
/*!40000 ALTER TABLE `hospitals` DISABLE KEYS */;
INSERT INTO `hospitals` VALUES (1,'Royal London Hospital','Whitechapel Rd, London E1 1BB',720,'General','Yes',2015),(2,'Manchester Royal Infirmary','Oxford Rd, Manchester M13 9WL',750,'Teaching','Yes',2016),(3,'St. Thomas\' Hospital','Westminster Bridge Rd, London SE1 7EH',840,'General','No',2014),(4,'Birmingham City Hospital','Dudley Rd, Birmingham B18 7QH',580,'General','Yes',2013),(5,'Addenbrooke\'s Hospital','Hills Rd, Cambridge CB2 0QQ',1000,'Teaching','Yes',2017),(6,'Great Ormond Street Hospital','Great Ormond St, London WC1N 3JH',389,'Children\'s','No',2016),(7,'University Hospital Southampton','Tremona Rd, Southampton SO16 6YD',1100,'Teaching','Yes',2018),(8,'Royal Victoria Infirmary','Queen Victoria Rd, Newcastle NE1 4LP',580,'General','Yes',2015),(9,'Queen Elizabeth Hospital','Mindelsohn Way, Birmingham B15 2GW',1200,'General','Yes',2017),(10,'Norfolk and Norwich Hospital','Colney Ln, Norwich NR4 7UY',1000,'General','No',2014),(11,'Leeds General Infirmary','Great George St, Leeds LS1 3EX',850,'General','Yes',2019),(12,'Guy\'s Hospital','Great Maze Pond, London SE1 9RT',400,'Specialist','No',2016),(13,'Charing Cross Hospital','Fulham Palace Rd, London W6 8RF',511,'Teaching','Yes',2017),(14,'John Radcliffe Hospital','Headley Way, Oxford OX3 9DU',950,'Teaching','Yes',2013),(15,'King\'s College Hospital','Denmark Hill, London SE5 9RS',1200,'Teaching','No',2015),(16,'Hull Royal Infirmary','Anlaby Rd, Hull HU3 2JZ',650,'General','Yes',2018),(17,'Bristol Royal Infirmary','Upper Maudlin St, Bristol BS2 8HW',677,'General','No',2016),(18,'Western General Hospital','Crewe Rd S, Edinburgh EH4 2XU',600,'General','Yes',2019),(19,'Ninewells Hospital','Dundee DD2 1SY',900,'Teaching','Yes',2017),(20,'Queen\'s Medical Centre','Derby Rd, Nottingham NG7 2UH',1300,'Teaching','Yes',2014),(21,'Royal Free Hospital','Pond St, London NW3 2QG',500,'General','No',2016),(22,'Freeman Hospital','Freeman Rd, Newcastle NE7 7DN',800,'Specialist','Yes',2013),(23,'Glasgow Royal Infirmary','Castle St, Glasgow G4 0SF',1000,'General','Yes',2018),(24,'Royal Sussex County Hospital','Eastern Rd, Brighton BN2 5BE',600,'General','No',2019),(25,'St. George\'s Hospital','Blackshaw Rd, London SW17 0QT',1300,'Teaching','Yes',2015),(26,'Wythenshawe Hospital','Southmoor Rd, Manchester M23 9LT',900,'Teaching','Yes',2017),(27,'Morriston Hospital','Heol Maes Eglwys, Swansea SA6 6NL',750,'General','No',2014),(28,'Derriford Hospital','Derriford Rd, Plymouth PL6 8DH',1000,'General','Yes',2016),(29,'Royal Blackburn Hospital','Haslingden Rd, Blackburn BB2 3HH',700,'General','No',2015),(30,'Stoke Mandeville Hospital','Mandeville Rd, Aylesbury HP21 8AL',550,'Specialist','Yes',2013),(31,'James Cook University Hospital','Marton Rd, Middlesbrough TS4 3BW',1000,'Teaching','Yes',2019),(32,'Aberdeen Royal Infirmary','Foresterhill, Aberdeen AB25 2ZN',900,'General','Yes',2018),(33,'Queen Elizabeth University Hosp','Govan Rd, Glasgow G51 4TF',1700,'Teaching','Yes',2017),(34,'York Hospital','Wigginton Rd, York YO31 8HE',700,'General','No',2016),(35,'Royal Derby Hospital','Uttoxeter Rd, Derby DE22 3NE',1200,'General','Yes',2015),(36,'Milton Keynes University Hosp','Standing Way, Milton Keynes MK6 5LD',500,'General','Yes',2019),(37,'Southmead Hospital','Southmead Rd, Bristol BS10 5NB',1000,'General','Yes',2018),(38,'Princess Royal Hospital','Lewes Rd, Haywards Heath RH16 4EX',550,'General','No',2014),(39,'Northern General Hospital','Herries Rd, Sheffield S5 7AU',980,'General','Yes',2016),(40,'Royal Cornwall Hospital','Treliske, Truro TR1 3LJ',720,'Teaching','No',2018);
/*!40000 ALTER TABLE `hospitals` ENABLE KEYS */;
UNLOCK TABLES;

--
-- Table structure for table `lab_results`
--

DROP TABLE IF EXISTS `lab_results`;
/*!40101 SET @saved_cs_client     = @@character_set_client */;
/*!50503 SET character_set_client = utf8mb4 */;
CREATE TABLE `lab_results` (
  `ID` int unsigned NOT NULL AUTO_INCREMENT,
  `Patient_ID` int unsigned NOT NULL,
  `Doctor_ID` int unsigned NOT NULL,
  `Test_Type` varchar(255) DEFAULT NULL,
  `Test_Result` varchar(255) DEFAULT NULL,
  PRIMARY KEY (`ID`),
  KEY `Patient_ID` (`Patient_ID`),
  KEY `Doctor_ID` (`Doctor_ID`),
  CONSTRAINT `lab_results_ibfk_1` FOREIGN KEY (`Patient_ID`) REFERENCES `patients` (`ID`),
  CONSTRAINT `lab_results_ibfk_2` FOREIGN KEY (`Doctor_ID`) REFERENCES `doctors` (`ID`)
) ENGINE=InnoDB AUTO_INCREMENT=1024 DEFAULT CHARSET=utf8mb4 COLLATE=utf8mb4_0900_ai_ci;
/*!40101 SET character_set_client = @saved_cs_client */;

--
-- Dumping data for table `lab_results`
--

LOCK TABLES `lab_results` WRITE;
/*!40000 ALTER TABLE `lab_results` DISABLE KEYS */;
INSERT INTO `lab_results` VALUES (1,1,1,NULL,NULL),(2,41,1,NULL,NULL),(3,81,1,'CT Scan','Normal'),(4,121,1,NULL,NULL),(5,161,1,NULL,NULL),(6,261,1,NULL,NULL),(7,361,1,'Peak Flow Test','Normal'),(8,421,1,'Mental Health Assessment','Mild Anxiety'),(9,441,1,NULL,NULL),(10,521,1,'Kidney Function Test','Normal'),(11,571,1,NULL,NULL),(12,2,2,NULL,NULL),(13,42,2,'Autoantibody Test','Autoantibodies Detected'),(14,82,2,'Chest X-ray','Normal'),(15,122,2,NULL,NULL),(16,162,2,NULL,NULL),(17,262,2,'Neurological Exam','Signs of Inflammation'),(18,362,2,'Pain Assessment','Moderate'),(19,422,2,NULL,NULL),(20,442,2,'TSH Test','Elevated TSH'),(21,522,2,NULL,NULL),(22,572,2,'Echocardiogram','Elevated BNP'),(23,3,3,'Lipid Panel','High LDL'),(24,43,3,'Upper Endoscopy','Normal'),(25,83,3,NULL,NULL),(26,123,3,'Physical Exam','Normal'),(27,163,3,'HbA1c','Elevated HbA1c'),(28,263,3,'ESR Test','Elevated CRP'),(29,363,3,'Complete Blood Count (CBC)','Normal'),(30,423,3,'Blood Urea Nitrogen (BUN)','High Creatinine'),(31,443,3,NULL,NULL),(32,523,3,'Endoscopy','Ulcer Present'),(33,573,3,'Peak Flow Test','Normal'),(34,4,4,'Upper Endoscopy','Normal'),(35,44,4,'Chest X-ray','Normal'),(36,84,4,'Peak Flow Test','Normal'),(37,124,4,'Chest X-ray','Normal'),(38,164,4,'Physical Exam','Normal'),(39,264,4,'HbA1c','Normal'),(40,364,4,'Neurological Exam','Migraine Indications'),(41,424,4,'Peak Flow Test','Normal'),(42,444,4,NULL,NULL),(43,524,4,NULL,NULL),(44,574,4,'ECG','Normal Function'),(45,5,5,NULL,NULL),(46,45,5,'Blood Culture','Signs of Infection'),(47,85,5,'Spirometry','Obstruction Detected'),(48,125,5,'Chest X-ray','Obstruction Detected'),(49,165,5,'Physical Exam','Fluid Retention'),(50,265,5,NULL,NULL),(51,365,5,NULL,NULL),(52,425,5,NULL,NULL),(53,445,5,NULL,NULL),(54,525,5,NULL,NULL),(55,575,5,'Nerve Conduction Study','Nerve Damage'),(56,6,6,'Blood Sugar Test','Autoantibodies Detected'),(57,46,6,'Autoantibody Test','High Blood Sugar'),(58,86,6,NULL,NULL),(59,126,6,'Chest X-ray','Signs of Infection'),(60,166,6,'Peak Flow Test','Normal'),(61,266,6,'Physical Exam','Normal'),(62,366,6,'Spirometry','Normal'),(63,426,6,'Lipid Panel','Normal'),(64,446,6,NULL,NULL),(65,526,6,'ELISA Test','Negative'),(66,576,6,NULL,NULL),(67,7,7,'Mental Health Assessment','Mild Depression'),(68,47,7,'H. pylori Test','Normal'),(69,87,7,'Joint Ultrasound','Normal'),(70,127,7,'Lipid Panel','Normal Levels'),(71,167,7,'Lipid Panel','Normal'),(72,267,7,'Blood Test','High Rheumatoid Factor'),(73,367,7,'Chest X-ray','Obstruction Detected'),(74,427,7,'Echocardiogram','Reduced Ejection Fraction'),(75,447,7,NULL,NULL),(76,527,7,'Upper Endoscopy','Normal'),(77,577,7,NULL,NULL),(78,8,8,'Blood Culture','Normal'),(79,48,8,NULL,NULL),(80,88,8,NULL,NULL),(81,128,8,NULL,NULL),(82,168,8,NULL,NULL),(83,268,8,NULL,NULL),(84,368,8,NULL,NULL),(85,428,8,NULL,NULL),(86,448,8,'Joint Ultrasound','Normal'),(87,528,8,NULL,NULL),(88,578,8,NULL,NULL),(89,9,9,NULL,NULL),(90,49,9,'Pain Assessment','Localized Pain'),(91,89,9,'Blood Sugar Test','Elevated HbA1c'),(92,129,9,'Lipid Panel','High Cholesterol'),(93,169,9,'Physical Exam','Normal'),(94,269,9,NULL,NULL),(95,369,9,NULL,NULL),(96,429,9,'Lipid Panel','High Cholesterol'),(97,449,9,NULL,NULL),(98,529,9,'Mental Health Assessment','Mild Depression'),(99,579,9,'MRI','Moderate'),(100,10,10,NULL,NULL),(101,50,10,'Kidney Function Test','Fluid Retention'),(102,90,10,'Blood Sugar Test','Elevated HbA1c'),(103,130,10,NULL,NULL),(104,170,10,'pH Monitoring','Normal'),(105,270,10,'MRI','Mild'),(106,370,10,NULL,NULL),(107,430,10,NULL,NULL),(108,450,10,'Urinalysis','Abnormal Protein Levels'),(109,530,10,NULL,NULL),(110,580,10,'Western Blot','Positive'),(111,11,11,NULL,NULL),(112,51,11,'Mental Health Assessment','Moderate Anxiety'),(113,91,11,'ESR Test','Elevated ESR'),(114,131,11,'Blood Urea Nitrogen (BUN)','High Creatinine'),(115,171,11,'Stress Test','Normal Function'),(116,271,11,'Blood Sugar Test','High Blood Sugar'),(117,371,11,NULL,NULL),(118,431,11,NULL,NULL),(119,451,11,'Echocardiogram','Valve Dysfunction'),(120,531,11,NULL,NULL),(121,581,11,'Blood Pressure Test','Elevated Pressure'),(122,12,12,NULL,NULL),(123,52,12,'Echocardiogram','Reduced Ejection Fraction'),(124,92,12,'Echocardiogram','Reduced Ejection Fraction'),(125,132,12,'Mental Health Assessment','Signs of Depression'),(126,172,12,'Electromyography (EMG)','Abnormal Activity'),(127,272,12,NULL,NULL),(128,372,12,'Physical Exam','Panic Symptoms'),(129,432,12,NULL,NULL),(130,452,12,'Upper Endoscopy','Normal'),(131,532,12,NULL,NULL),(132,582,12,'Spirometry','Obstruction Detected'),(133,13,13,'Mental Health Assessment','Normal'),(134,53,13,'Blood Sugar Test','Autoantibodies Detected'),(135,93,13,'Blood Pressure Test','Elevated Pressure'),(136,133,13,'Electrolyte Panel','Elevated Pressure'),(137,173,13,'Lipid Panel','High Cholesterol'),(138,273,13,NULL,NULL),(139,373,13,'Kidney Function Test','Normal'),(140,433,13,'Peak Flow Test','Normal'),(141,453,13,'pH Monitoring','Esophagitis'),(142,533,13,NULL,NULL),(143,583,13,NULL,NULL),(144,14,14,'Cortisol Test','Low Cortisol'),(145,54,14,'C-Reactive Protein (CRP) Test','Elevated ESR'),(146,94,14,NULL,NULL),(147,134,14,NULL,NULL),(148,174,14,NULL,NULL),(149,274,14,'Blood Pressure Test','Elevated Pressure'),(150,374,14,'Upper Endoscopy','High Acidity'),(151,434,14,NULL,NULL),(152,454,14,NULL,NULL),(153,534,14,NULL,NULL),(154,584,14,NULL,NULL),(155,15,15,'Physical Exam','Normal'),(156,55,15,'TSH Test','Elevated TSH'),(157,95,15,'Mental Health Assessment','Severe Depression'),(158,135,15,NULL,NULL),(159,175,15,'MRI','Localized Pain'),(160,275,15,NULL,NULL),(161,375,15,'Blood Pressure Test','Normal'),(162,435,15,'MRI','Normal'),(163,455,15,NULL,NULL),(164,535,15,NULL,NULL),(165,585,15,'Blood Culture','Normal'),(166,16,16,NULL,NULL),(167,56,16,NULL,NULL),(168,96,16,'Blood Sugar Test','Autoantibodies Detected'),(169,136,16,'Electromyography (EMG)','Normal'),(170,176,16,'MRI','Signs of Inflammation'),(171,276,16,NULL,NULL),(172,376,16,NULL,NULL),(173,436,16,NULL,NULL),(174,456,16,NULL,NULL),(175,536,16,'Electrolyte Panel','Normal'),(176,586,16,'Upper Endoscopy','Esophagitis'),(177,17,17,NULL,NULL),(178,57,17,NULL,NULL),(179,97,17,'TSH Test','Elevated TSH'),(180,137,17,'Blood Pressure Test','Normal'),(181,177,17,'Mental Health Assessment','Severe Anxiety'),(182,277,17,'Physical Exam','Panic Symptoms'),(183,377,17,'MRI','Normal'),(184,437,17,NULL,NULL),(185,457,17,'Complete Blood Count (CBC)','Infection Detected'),(186,537,17,'Endoscopy','Ulcer Present'),(187,587,17,NULL,NULL),(188,18,18,'Western Blot','Positive'),(189,58,18,NULL,NULL),(190,98,18,'Chest X-ray','Obstruction Detected'),(191,138,18,NULL,NULL),(192,178,18,'ECG','Abnormal Rhythm'),(193,278,18,'CT Scan','Migraine Indications'),(194,378,18,'pH Monitoring','Normal'),(195,438,18,'Mental Health Assessment','Signs of Depression'),(196,458,18,'Lipid Panel','High Triglycerides'),(197,538,18,'Mental Health Assessment','Panic Symptoms'),(198,588,18,'Physical Exam','Normal'),(199,19,19,NULL,NULL),(200,59,19,'Neurological Exam','Migraine Indications'),(201,99,19,'Lipid Panel','High LDL'),(202,139,19,NULL,NULL),(203,179,19,NULL,NULL),(204,279,19,'Echocardiogram','Normal Function'),(205,379,19,NULL,NULL),(206,439,19,'TSH Test','Low T3/T4'),(207,459,19,'MRI','Nerve Damage'),(208,539,19,'X-ray','Joint Inflammation'),(209,589,19,NULL,NULL),(210,20,20,NULL,NULL),(211,60,20,'Urinalysis','High Creatinine'),(212,100,20,NULL,NULL),(213,140,20,NULL,NULL),(214,180,20,'Mental Health Assessment','Mild Depression'),(215,280,20,NULL,NULL),(216,380,20,'Electrolyte Panel','Normal'),(217,440,20,NULL,NULL),(218,460,20,'Mental Health Assessment','Mild Depression'),(219,540,20,'pH Monitoring','Normal'),(220,590,20,'C-Reactive Protein (CRP) Test','Elevated ESR'),(221,21,21,'Urinalysis','High Creatinine'),(222,61,21,NULL,NULL),(223,101,21,NULL,NULL),(224,141,21,NULL,NULL),(225,181,21,'Mental Health Assessment','Severe Depression'),(226,281,21,NULL,NULL),(227,381,21,'Electromyography (EMG)','Normal'),(228,461,21,NULL,NULL),(229,541,21,'Electromyography (EMG)','Normal'),(230,591,21,'Pain Assessment','Severe'),(231,22,22,'CT Scan','Signs of Inflammation'),(232,62,22,'T3/T4 Test','Low T3/T4'),(233,102,22,'MRI','Moderate'),(234,142,22,NULL,NULL),(235,182,22,'Mental Health Assessment','Normal'),(236,282,22,NULL,NULL),(237,382,22,'MRI','Moderate'),(238,462,22,NULL,NULL),(239,542,22,NULL,NULL),(240,592,22,'Electrolyte Panel','Normal'),(241,23,23,'Joint Ultrasound','High Rheumatoid Factor'),(242,63,23,'Upper Endoscopy','Normal'),(243,103,23,'Mental Health Assessment','Mild Depression'),(244,143,23,'Autoantibody Test','Autoantibodies Detected'),(245,183,23,'Peak Flow Test','Reduced Lung Function'),(246,283,23,'Lipid Panel','Normal'),(247,383,23,'Western Blot','Positive'),(248,463,23,'BNP Blood Test','Reduced Ejection Fraction'),(249,543,23,'C-Reactive Protein (CRP) Test','Elevated CRP'),(250,593,23,NULL,NULL),(251,24,24,'MRI','Signs of Inflammation'),(252,64,24,NULL,NULL),(253,104,24,NULL,NULL),(254,144,24,'Pain Assessment','Moderate'),(255,184,24,'Peak Flow Test','Reduced Lung Function'),(256,284,24,'Blood Test','Normal'),(257,384,24,NULL,NULL),(258,464,24,'MRI','Normal'),(259,544,24,'Spirometry','Normal'),(260,594,24,NULL,NULL),(261,25,25,NULL,NULL),(262,65,25,'Lipid Panel','Normal Levels'),(263,105,25,'Kidney Function Test','Normal'),(264,145,25,'Upper Endoscopy','Esophagitis'),(265,185,25,'Upper Endoscopy','Normal'),(266,285,25,NULL,NULL),(267,385,25,NULL,NULL),(268,465,25,'Blood Sugar Test','High Blood Sugar'),(269,545,25,'Pain Assessment','Severe'),(270,595,25,'T3/T4 Test','Elevated TSH'),(271,26,26,'Electrolyte Panel','Elevated Pressure'),(272,66,26,NULL,NULL),(273,106,26,NULL,NULL),(274,146,26,NULL,NULL),(275,186,26,NULL,NULL),(276,286,26,NULL,NULL),(277,386,26,NULL,NULL),(278,466,26,NULL,NULL),(279,546,26,'Chest X-ray','Signs of Infection'),(280,596,26,NULL,NULL),(281,27,27,'MRI','Severe'),(282,67,27,'Physical Exam','Fluid Retention'),(283,107,27,'C-Reactive Protein (CRP) Test','Normal'),(284,147,27,NULL,NULL),(285,187,27,NULL,NULL),(286,287,27,NULL,NULL),(287,387,27,NULL,NULL),(288,467,27,NULL,NULL),(289,547,27,'Cortisol Test','Low Cortisol'),(290,597,27,'Blood Culture','Normal'),(291,28,28,NULL,NULL),(292,68,28,NULL,NULL),(293,108,28,NULL,NULL),(294,148,28,'pH Monitoring','Normal'),(295,188,28,NULL,NULL),(296,288,28,'Stress Test','Normal Function'),(297,388,28,'Blood Sugar Test','Normal'),(298,468,28,NULL,NULL),(299,548,28,'Blood Pressure Test','Elevated Pressure'),(300,598,28,NULL,NULL),(301,29,29,NULL,NULL),(302,69,29,'MRI','Nerve Damage'),(303,109,29,'MRI','Severe'),(304,149,29,NULL,NULL),(305,189,29,NULL,NULL),(306,289,29,'Blood Sugar Test','Elevated HbA1c'),(307,389,29,'Physical Exam','Normal'),(308,469,29,'Blood Pressure Test','Normal'),(309,549,29,'X-ray','Joint Inflammation'),(310,599,29,NULL,NULL),(311,30,30,NULL,NULL),(312,70,30,NULL,NULL),(313,110,30,'Peak Flow Test','Normal'),(314,150,30,NULL,NULL),(315,190,30,'Electrolyte Panel','Normal'),(316,290,30,'Upper Endoscopy','Normal'),(317,390,30,'Electrolyte Panel','Normal'),(318,470,30,NULL,NULL),(319,550,30,'MRI','Mild'),(320,600,30,'MRI','Localized Pain'),(321,31,31,'ELISA Test','Positive'),(322,71,31,NULL,NULL),(323,111,31,'Chest X-ray','Obstruction Detected'),(324,151,31,'Western Blot','Negative'),(325,191,31,NULL,NULL),(326,291,31,'Peak Flow Test','Normal'),(327,391,31,NULL,NULL),(328,471,31,NULL,NULL),(329,551,31,'Stress Test','Valve Dysfunction'),(330,32,32,'Upper Endoscopy','High Acidity'),(331,72,32,'Electromyography (EMG)','Abnormal Activity'),(332,112,32,'Blood Urea Nitrogen (BUN)','High Creatinine'),(333,152,32,'Mental Health Assessment','Signs of Depression'),(334,192,32,'Urinalysis','High Creatinine'),(335,292,32,NULL,NULL),(336,392,32,'Blood Pressure Test','Elevated Pressure'),(337,472,32,'Upper Endoscopy','Esophagitis'),(338,552,32,'Electrolyte Panel','Normal'),(339,33,33,'ELISA Test','Negative'),(340,73,33,NULL,NULL),(341,113,33,'CT Scan','Signs of Inflammation'),(342,153,33,'C-Reactive Protein (CRP) Test','Elevated CRP'),(343,193,33,NULL,NULL),(344,293,33,'HbA1c','Normal'),(345,393,33,'ELISA Test','Negative'),(346,473,33,'Pain Assessment','Severe'),(347,553,33,'Chest X-ray','Normal'),(348,34,34,'Nerve Conduction Study','Normal'),(349,74,34,NULL,NULL),(350,114,34,'T3/T4 Test','Elevated TSH'),(351,154,34,'MRI','Normal'),(352,194,34,'Chest X-ray','Signs of Infection'),(353,294,34,NULL,NULL),(354,394,34,NULL,NULL),(355,474,34,NULL,NULL),(356,554,34,'Electromyography (EMG)','Normal'),(357,35,35,'pH Monitoring','Normal'),(358,75,35,NULL,NULL),(359,115,35,'Electrolyte Panel','Elevated Pressure'),(360,155,35,NULL,NULL),(361,195,35,NULL,NULL),(362,295,35,'Blood Sugar Test','Autoantibodies Detected'),(363,395,35,NULL,NULL),(364,475,35,NULL,NULL),(365,555,35,NULL,NULL),(366,36,36,'BNP Blood Test','Elevated BNP'),(367,76,36,'Spirometry','Obstruction Detected'),(368,116,36,'T3/T4 Test','Elevated TSH'),(369,156,36,'Electrolyte Panel','Normal'),(370,196,36,'Autoantibody Test','High Blood Sugar'),(371,296,36,'Western Blot','Negative'),(372,396,36,NULL,NULL),(373,476,36,NULL,NULL),(374,556,36,'ACTH Stimulation Test','Low Cortisol'),(375,37,37,NULL,NULL),(376,77,37,NULL,NULL),(377,117,37,'Blood Pressure Test','Elevated Pressure'),(378,157,37,'Mental Health Assessment','Mild Anxiety'),(379,197,37,'ECG','Normal Function'),(380,297,37,NULL,NULL),(381,397,37,'TSH Test','Low T3/T4'),(382,477,37,NULL,NULL),(383,557,37,'Spirometry','Normal'),(384,38,38,NULL,NULL),(385,78,38,'Pain Assessment','Moderate'),(386,118,38,'pH Monitoring','High Acidity'),(387,158,38,NULL,NULL),(388,198,38,NULL,NULL),(389,298,38,NULL,NULL),(390,398,38,NULL,NULL),(391,478,38,NULL,NULL),(392,558,38,'Electrolyte Panel','Elevated Pressure'),(393,39,39,'Mental Health Assessment','Moderate Anxiety'),(394,79,39,NULL,NULL),(395,119,39,NULL,NULL),(396,159,39,NULL,NULL),(397,199,39,NULL,NULL),(398,299,39,'MRI','Moderate'),(399,399,39,NULL,NULL),(400,479,39,NULL,NULL),(401,559,39,'T3/T4 Test','Low T3/T4'),(402,40,40,'Echocardiogram','Elevated BNP'),(403,80,40,'Electromyography (EMG)','Normal'),(404,120,40,NULL,NULL),(405,160,40,'T3/T4 Test','Elevated TSH'),(406,200,40,'Echocardiogram','Abnormal Rhythm'),(407,300,40,'Chest X-ray','Signs of Infection'),(408,400,40,'Lipid Panel','High LDL'),(409,480,40,'Blood Culture','Normal'),(410,560,40,NULL,NULL),(411,201,41,NULL,NULL),(412,301,41,'Stress Test','Valve Dysfunction'),(413,401,41,NULL,NULL),(414,481,41,'Echocardiogram','Valve Dysfunction'),(415,561,41,'Electromyography (EMG)','Abnormal Activity'),(416,202,42,'Blood Pressure Test','Elevated Pressure'),(417,302,42,NULL,NULL),(418,402,42,'Endoscopy','Normal'),(419,482,42,'Spirometry','Normal'),(420,562,42,NULL,NULL),(421,203,43,'Autoantibody Test','High Blood Sugar'),(422,303,43,'Electromyography (EMG)','Abnormal Activity'),(423,403,43,'MRI','Normal'),(424,483,43,NULL,NULL),(425,563,43,'Blood Test','High Rheumatoid Factor'),(426,204,44,NULL,NULL),(427,304,44,'Physical Exam','Panic Symptoms'),(428,404,44,NULL,NULL),(429,484,44,'Blood Test','High Rheumatoid Factor'),(430,564,44,'Lipid Panel','High Triglycerides'),(431,205,45,NULL,NULL),(432,305,45,NULL,NULL),(433,405,45,NULL,NULL),(434,485,45,'Complete Blood Count (CBC)','Infection Detected'),(435,565,45,'C-Reactive Protein (CRP) Test','Normal'),(436,206,46,'Complete Blood Count (CBC)','Normal'),(437,306,46,'H. pylori Test','Normal'),(438,406,46,NULL,NULL),(439,486,46,NULL,NULL),(440,566,46,'Cortisol Test','Low Cortisol'),(441,207,47,'Blood Sugar Test','High Blood Sugar'),(442,307,47,'Electromyography (EMG)','Abnormal Activity'),(443,407,47,'T3/T4 Test','Low T3/T4'),(444,487,47,NULL,NULL),(445,567,47,'TSH Test','Elevated TSH'),(446,208,48,'Cortisol Test','Low Cortisol'),(447,308,48,NULL,NULL),(448,408,48,NULL,NULL),(449,488,48,'Mental Health Assessment','Severe Depression'),(450,568,48,NULL,NULL),(451,209,49,NULL,NULL),(452,309,49,'Blood Culture','Signs of Infection'),(453,409,49,NULL,NULL),(454,489,49,'Blood Urea Nitrogen (BUN)','High Creatinine'),(455,569,49,NULL,NULL),(456,210,50,NULL,NULL),(457,310,50,NULL,NULL),(458,410,50,'Neurological Exam','Normal'),(459,490,50,'Mental Health Assessment','Signs of Depression'),(460,570,50,'Kidney Function Test','Fluid Retention'),(461,211,51,'Mental Health Assessment','Panic Symptoms'),(462,311,51,'Physical Exam','Normal'),(463,411,51,NULL,NULL),(464,491,51,'Upper Endoscopy','Normal'),(465,212,52,'Neurological Exam','Signs of Inflammation'),(466,312,52,'Neurological Exam','Normal'),(467,412,52,NULL,NULL),(468,492,52,NULL,NULL),(469,213,53,NULL,NULL),(470,313,53,NULL,NULL),(471,413,53,NULL,NULL),(472,493,53,NULL,NULL),(473,214,54,'MRI','Localized Pain'),(474,314,54,NULL,NULL),(475,414,54,NULL,NULL),(476,494,54,NULL,NULL),(477,215,55,'CT Scan','Migraine Indications'),(478,315,55,NULL,NULL),(479,415,55,'pH Monitoring','Esophagitis'),(480,495,55,NULL,NULL),(481,216,56,NULL,NULL),(482,316,56,'MRI','Mild'),(483,416,56,'ELISA Test','Positive'),(484,496,56,NULL,NULL),(485,217,57,'Upper Endoscopy','Normal'),(486,317,57,'Blood Culture','Normal'),(487,417,57,NULL,NULL),(488,497,57,'MRI','Severe'),(489,218,58,'Mental Health Assessment','Mild Depression'),(490,318,58,'Nerve Conduction Study','Normal'),(491,418,58,NULL,NULL),(492,498,58,'Blood Culture','Normal'),(493,219,59,'Lipid Panel','Normal Levels'),(494,319,59,NULL,NULL),(495,419,59,'Pain Assessment','Severe'),(496,499,59,NULL,NULL),(497,220,60,'Upper Endoscopy','High Acidity'),(498,320,60,NULL,NULL),(499,420,60,NULL,NULL),(500,500,60,NULL,NULL),(501,221,61,'Blood Sugar Test','Elevated HbA1c'),(502,321,61,NULL,NULL),(503,501,61,NULL,NULL),(504,222,62,'ACTH Stimulation Test','Normal'),(505,322,62,NULL,NULL),(506,502,62,NULL,NULL),(507,223,63,NULL,NULL),(508,323,63,'Cortisol Test','Low Cortisol'),(509,503,63,'ESR Test','Elevated ESR'),(510,224,64,'ESR Test','Elevated CRP'),(511,324,64,NULL,NULL),(512,504,64,'Nerve Conduction Study','Normal'),(513,225,65,'Pain Assessment','Mild'),(514,325,65,'Pain Assessment','Severe'),(515,505,65,'Blood Test','Joint Inflammation'),(516,226,66,NULL,NULL),(517,326,66,'Mental Health Assessment','Panic Symptoms'),(518,506,66,NULL,NULL),(519,227,67,'Pain Assessment','Mild'),(520,327,67,NULL,NULL),(521,507,67,NULL,NULL),(522,228,68,NULL,NULL),(523,328,68,NULL,NULL),(524,508,68,NULL,NULL),(525,229,69,NULL,NULL),(526,329,69,'ELISA Test','Negative'),(527,509,69,NULL,NULL),(528,230,70,NULL,NULL),(529,330,70,NULL,NULL),(530,510,70,NULL,NULL),(531,231,71,'pH Monitoring','Normal'),(532,331,71,'T3/T4 Test','Elevated TSH'),(533,511,71,NULL,NULL),(534,232,72,'Electrolyte Panel','Elevated Pressure'),(535,332,72,NULL,NULL),(536,512,72,NULL,NULL),(537,233,73,NULL,NULL),(538,333,73,NULL,NULL),(539,513,73,'Blood Sugar Test','Autoantibodies Detected'),(540,234,74,NULL,NULL),(541,334,74,'Urinalysis','High Creatinine'),(542,514,74,'Electromyography (EMG)','Normal'),(543,235,75,'C-Reactive Protein (CRP) Test','Elevated ESR'),(544,335,75,'Peak Flow Test','Normal'),(545,515,75,NULL,NULL),(546,236,76,NULL,NULL),(547,336,76,'Chest X-ray','Signs of Infection'),(548,516,76,NULL,NULL),(549,237,77,NULL,NULL),(550,337,77,NULL,NULL),(551,517,77,NULL,NULL),(552,238,78,'Western Blot','Positive'),(553,338,78,NULL,NULL),(554,518,78,'Mental Health Assessment','Mild Depression'),(555,239,79,'Echocardiogram','Elevated BNP'),(556,339,79,NULL,NULL),(557,519,79,'Blood Sugar Test','Elevated HbA1c'),(558,240,80,'Blood Test','Joint Inflammation'),(559,340,80,'Spirometry','Normal'),(560,520,80,'Electromyography (EMG)','Abnormal Activity'),(561,241,81,NULL,NULL),(562,341,81,NULL,NULL),(563,242,82,'Chest X-ray','Normal'),(564,342,82,'Lipid Panel','Normal'),(565,243,83,'CT Scan','Migraine Indications'),(566,343,83,NULL,NULL),(567,244,84,'Lipid Panel','Normal Levels'),(568,344,84,NULL,NULL),(569,245,85,NULL,NULL),(570,345,85,'Urinalysis','Abnormal Protein Levels'),(571,246,86,'C-Reactive Protein (CRP) Test','Elevated ESR'),(572,346,86,'Electrolyte Panel','Normal'),(573,247,87,NULL,NULL),(574,347,87,'Spirometry','Reduced Lung Function'),(575,248,88,'Autoantibody Test','High Blood Sugar'),(576,348,88,'Lipid Panel','High Cholesterol'),(577,249,89,NULL,NULL),(578,349,89,NULL,NULL),(579,250,90,'Urinalysis','High Creatinine'),(580,350,90,'Upper Endoscopy','Normal'),(581,251,91,NULL,NULL),(582,351,91,'Lipid Panel','Normal'),(583,252,92,NULL,NULL),(584,352,92,'MRI','Nerve Damage'),(585,253,93,NULL,NULL),(586,353,93,'TSH Test','Low T3/T4'),(587,254,94,'Echocardiogram','Elevated BNP'),(588,354,94,'Complete Blood Count (CBC)','Normal'),(589,255,95,'Electrolyte Panel','Normal'),(590,355,95,NULL,NULL),(591,256,96,NULL,NULL),(592,356,96,'Echocardiogram','Elevated BNP'),(593,257,97,'Echocardiogram','Normal Function'),(594,357,97,'Western Blot','Negative'),(595,258,98,NULL,NULL),(596,358,98,NULL,NULL),(597,259,99,NULL,NULL),(598,359,99,'Kidney Function Test','Normal'),(599,260,100,NULL,NULL),(600,360,100,'X-ray','Normal');
/*!40000 ALTER TABLE `lab_results` ENABLE KEYS */;
UNLOCK TABLES;

--
-- Table structure for table `medications`
--

DROP TABLE IF EXISTS `medications`;
/*!40101 SET @saved_cs_client     = @@character_set_client */;
/*!50503 SET character_set_client = utf8mb4 */;
CREATE TABLE `medications` (
  `ID` int unsigned NOT NULL AUTO_INCREMENT,
  `Medication_Name` varchar(255) NOT NULL,
  PRIMARY KEY (`ID`)
) ENGINE=InnoDB AUTO_INCREMENT=31 DEFAULT CHARSET=utf8mb4 COLLATE=utf8mb4_0900_ai_ci;
/*!40101 SET character_set_client = @saved_cs_client */;

--
-- Dumping data for table `medications`
--

LOCK TABLES `medications` WRITE;
/*!40000 ALTER TABLE `medications` DISABLE KEYS */;
INSERT INTO `medications` VALUES (1,'Paracetamol 500mg Tablets'),(2,'Ibuprofen 400mg Tablets'),(3,'Aspirin 75mg Dispersible Tablets'),(4,'Codeine Phosphate 30mg Tablets'),(5,'Amoxicillin 250mg Capsules'),(6,'Omeprazole 20mg Capsules'),(7,'Simvastatin 40mg Tablets'),(8,'Metformin 500mg Tablets'),(9,'Amlodipine 5mg Tablets'),(10,'Ramipril 10mg Capsules'),(11,'Lansoprazole 30mg Capsules'),(12,'Atorvastatin 20mg Tablets'),(13,'Levothyroxine 50mcg Tablets'),(14,'Fluoxetine 20mg Capsules'),(15,'Sertraline 50mg Tablets'),(16,'Citalopram 20mg Tablets'),(17,'Losartan 50mg Tablets'),(18,'Bisoprolol 5mg Tablets'),(19,'Gliclazide 80mg Tablets'),(20,'Furosemide 40mg Tablets'),(21,'Prednisolone 5mg Tablets'),(22,'Ranitidine 150mg Tablets'),(23,'Hydrocortisone 10mg Tablets'),(24,'Cocodamol 8/500mg Tablets'),(25,'Tramadol 50mg Capsules'),(26,'Diazepam 5mg Tablets'),(27,'Clarithromycin 500mg Tablets'),(28,'Doxycycline 100mg Capsules'),(29,'Salbutamol 100mcg Inhaler'),(30,'Budesonide 200mcg Inhaler');
/*!40000 ALTER TABLE `medications` ENABLE KEYS */;
UNLOCK TABLES;

--
-- Table structure for table `patients`
--

DROP TABLE IF EXISTS `patients`;
/*!40101 SET @saved_cs_client     = @@character_set_client */;
/*!50503 SET character_set_client = utf8mb4 */;
CREATE TABLE `patients` (
  `ID` int unsigned NOT NULL AUTO_INCREMENT,
  `Patient_Name` varchar(255) NOT NULL,
  `Date_Of_Birth` date DEFAULT NULL,
  `Address` varchar(255) NOT NULL,
  `Assigned_Doctor` int unsigned NOT NULL,
  PRIMARY KEY (`ID`),
  KEY `Assigned_Doctor` (`Assigned_Doctor`),
  CONSTRAINT `patients_ibfk_1` FOREIGN KEY (`Assigned_Doctor`) REFERENCES `doctors` (`ID`)
) ENGINE=InnoDB AUTO_INCREMENT=601 DEFAULT CHARSET=utf8mb4 COLLATE=utf8mb4_0900_ai_ci;
/*!40101 SET character_set_client = @saved_cs_client */;

--
-- Dumping data for table `patients`
--

LOCK TABLES `patients` WRITE;
/*!40000 ALTER TABLE `patients` DISABLE KEYS */;
INSERT INTO `patients` VALUES (1,'Alice Johnson','1987-05-12','123 Maple St, Springfield',1),(2,'Bob Smith','1995-03-25','456 Oak St, Lincoln',2),(3,'Carol Davis','1975-11-01','789 Pine St, Monroe',3),(4,'David Wilson','1963-07-19','321 Elm St, Franklin',4),(5,'Emily Brown','2002-08-30','654 Cedar St, Jackson',5),(6,'Frank Miller','1989-02-14','987 Birch St, Hamilton',6),(7,'Grace Taylor','1972-12-03','123 Cherry St, Kent',7),(8,'Hannah Thomas','1990-04-20','456 Willow St, Kingston',8),(9,'Ian Roberts','1983-09-10','789 Ash St, Oakwood',9),(10,'Jane Lee','2005-01-01','321 Maple St, Springfield',10),(11,'John Walker','1992-08-15','456 Birch St, Fairview',11),(12,'Sophia Harris','1981-11-20','987 Elm St, Greenwood',12),(13,'William Martin','1978-04-14','654 Maple St, Lexington',13),(14,'Zoe Wright','1999-06-22','123 Pine St, Madison',14),(15,'Andrew Lewis','1971-03-18','456 Cedar St, Lincoln',15),(16,'Laura King','1985-10-05','987 Oak St, Springfield',16),(17,'Ethan Baker','1993-01-28','321 Birch St, Ashland',17),(18,'Olivia Clark','1987-07-07','654 Cherry St, Franklin',18),(19,'Jack Hall','2000-09-11','123 Willow St, Jackson',19),(20,'Ella Adams','1976-08-03','456 Maple St, Greenwood',20),(21,'Henry Perez','1992-01-12','987 Pine St, Springfield',21),(22,'Sophia Torres','2001-11-25','321 Oak St, Franklin',22),(23,'James Brooks','1983-04-30','654 Elm St, Lexington',23),(24,'Emma Harris','1975-09-15','123 Birch St, Kingston',24),(25,'Matthew Lewis','1990-02-20','456 Cedar St, Madison',25),(26,'Mia Turner','1988-05-14','987 Oak St, Ashland',26),(27,'Liam White','1981-06-06','654 Maple St, Jackson',27),(28,'Charlotte Hall','1974-03-10','321 Willow St, Franklin',28),(29,'Noah King','1999-09-12','456 Cherry St, Springfield',29),(30,'Amelia Young','1987-12-24','987 Elm St, Greenwood',30),(31,'Lucas Allen','2003-04-07','123 Birch St, Lexington',31),(32,'Isabella Scott','1994-10-20','654 Oak St, Madison',32),(33,'Mason Carter','1972-11-09','321 Maple St, Ashland',33),(34,'Oliver Lee','1996-08-16','456 Willow St, Jackson',34),(35,'Ava Brown','1989-03-25','987 Cedar St, Franklin',35),(36,'Elijah Taylor','1975-07-05','654 Pine St, Greenwood',36),(37,'Harper Torres','2001-10-01','321 Oak St, Kingston',37),(38,'Ethan Hill','1998-11-03','123 Cherry St, Madison',38),(39,'Charlotte Smith','1984-05-11','654 Maple St, Ashland',39),(40,'James Walker','1993-06-28','321 Elm St, Franklin',40),(41,'Sophia Martinez','1978-02-12','456 Oak St, Springfield',1),(42,'Lucas White','2002-09-15','987 Cedar St, Greenwood',2),(43,'Ella Turner','1991-06-03','987 Pine St, Jackson',3),(44,'Benjamin Parker','1977-05-19','456 Maple St, Franklin',4),(45,'Liam Hill','1981-06-06','654 Maple St, Jackson',5),(46,'Amelia Young','1987-12-24','987 Elm St, Greenwood',6),(47,'Isabella Smith','1995-07-28','321 Maple St, Springfield',7),(48,'Lucas Brooks','2003-04-07','123 Birch St, Lexington',8),(49,'Emma Carter','1994-10-20','654 Oak St, Madison',9),(50,'Matthew Harris','1990-02-20','456 Cedar St, Madison',10),(51,'Sophia Torres','2001-11-25','321 Oak St, Franklin',11),(52,'Charlotte White','1998-11-03','123 Cherry St, Madison',12),(53,'Andrew Lewis','1971-03-18','456 Cedar St, Lincoln',13),(54,'David Wilson','1963-07-19','321 Elm St, Franklin',14),(55,'Ethan Clark','1987-07-07','654 Cherry St, Franklin',15),(56,'Jack Hall','2000-09-11','123 Willow St, Jackson',16),(57,'Mia Taylor','1988-05-14','987 Oak St, Ashland',17),(58,'William Martin','1978-04-14','654 Maple St, Lexington',18),(59,'Zoe Wright','1999-06-22','123 Pine St, Madison',19),(60,'Liam White','1981-06-06','654 Maple St, Jackson',20),(61,'Noah Walker','1989-03-25','987 Cedar St, Greenwood',21),(62,'Emma Harris','1975-09-15','123 Birch St, Kingston',22),(63,'Mason Carter','1972-11-09','321 Maple St, Ashland',23),(64,'Olivia King','1994-04-20','654 Pine St, Jackson',24),(65,'Sophia Brown','1998-06-16','456 Cherry St, Franklin',25),(66,'Jack Taylor','1982-01-03','987 Oak St, Greenwood',26),(67,'Ella Martinez','1976-05-25','321 Willow St, Springfield',27),(68,'Henry Davis','1990-12-10','654 Birch St, Franklin',28),(69,'Liam White','1981-06-06','987 Elm St, Madison',29),(70,'Amelia Lee','1987-12-24','456 Maple St, Kingston',30),(71,'Lucas Hall','2003-02-28','123 Cedar St, Franklin',31),(72,'Ava Scott','1993-07-22','654 Oak St, Greenwood',32),(73,'Matthew Clark','1995-09-11','321 Pine St, Madison',33),(74,'Charlotte Young','1983-08-04','987 Willow St, Ashland',34),(75,'Ethan Hill','1992-05-15','456 Elm St, Springfield',35),(76,'Mia Adams','2001-09-30','123 Birch St, Lexington',36),(77,'Benjamin Parker','1999-11-22','654 Cherry St, Greenwood',37),(78,'Olivia Turner','1994-07-19','987 Maple St, Franklin',38),(79,'William Torres','1986-03-12','321 Oak St, Jackson',39),(80,'Liam Wright','1980-02-03','654 Cedar St, Madison',40),(81,'Emma Johnson','1996-04-27','456 Willow St, Springfield',1),(82,'Lucas Brown','1993-06-08','987 Elm St, Ashland',2),(83,'Sophia Martinez','1985-10-14','321 Maple St, Franklin',3),(84,'Andrew Hall','1978-11-11','654 Pine St, Kingston',4),(85,'Jack White','1992-03-29','987 Cherry St, Greenwood',5),(86,'Ella Harris','1989-01-08','123 Cedar St, Lexington',6),(87,'Mason Walker','1971-05-18','456 Oak St, Franklin',7),(88,'Olivia Brown','1990-07-30','654 Willow St, Greenwood',8),(89,'Zoe Scott','2000-02-05','321 Elm St, Madison',9),(90,'Henry Young','1988-09-16','456 Maple St, Kingston',10),(91,'Emma Taylor','1991-06-12','987 Birch St, Franklin',11),(92,'Charlotte Martinez','1984-08-03','123 Pine St, Springfield',12),(93,'William Lewis','1976-03-20','654 Oak St, Greenwood',13),(94,'Liam Hill','2002-11-25','987 Cherry St, Franklin',14),(95,'Amelia Clark','1995-09-22','321 Willow St, Madison',15),(96,'Ethan Adams','1982-12-30','654 Elm St, Kingston',16),(97,'Lucas King','1979-07-14','456 Maple St, Lexington',17),(98,'Mason Davis','1987-10-09','987 Birch St, Franklin',18),(99,'Zoe Wright','1994-02-17','654 Cherry St, Madison',19),(100,'Charlotte Young','1983-08-04','321 Pine St, Franklin',20),(101,'Olivia Adams','1985-01-15','456 Cedar St, Springfield',21),(102,'Benjamin Parker','1992-11-10','987 Elm St, Greenwood',22),(103,'Liam Carter','1978-05-22','321 Oak St, Franklin',23),(104,'Sophia Hill','1996-09-13','654 Maple St, Jackson',24),(105,'Ethan Wright','1999-06-25','456 Willow St, Lexington',25),(106,'Emma Martinez','1980-03-30','987 Pine St, Franklin',26),(107,'Charlotte Young','1994-08-05','654 Cedar St, Madison',27),(108,'Zoe Taylor','2001-12-17','321 Elm St, Kingston',28),(109,'Liam Harris','1987-04-09','456 Oak St, Greenwood',29),(110,'Olivia Davis','1983-02-20','987 Cherry St, Franklin',30),(111,'Andrew Clark','1990-07-14','654 Pine St, Jackson',31),(112,'Sophia White','1979-01-07','321 Willow St, Springfield',32),(113,'Jack Martinez','2002-09-11','456 Maple St, Lexington',33),(114,'Mia Adams','1995-03-04','987 Elm St, Franklin',34),(115,'Henry Scott','1981-10-24','654 Cherry St, Greenwood',35),(116,'Ella Hall','1976-06-15','321 Cedar St, Madison',36),(117,'Liam Turner','1999-12-31','456 Oak St, Kingston',37),(118,'Amelia Young','1993-11-18','987 Willow St, Springfield',38),(119,'Olivia Lee','1984-04-12','654 Maple St, Franklin',39),(120,'Andrew White','1988-07-20','321 Elm St, Jackson',40),(121,'Sophia Brown','1997-02-16','987 Pine St, Lexington',1),(122,'Charlotte Martinez','1985-11-02','654 Cherry St, Madison',2),(123,'Benjamin Harris','1977-06-19','456 Willow St, Greenwood',3),(124,'Liam Young','1990-08-28','321 Oak St, Springfield',4),(125,'Ella Adams','2000-05-09','987 Cedar St, Franklin',5),(126,'Jack Lewis','1983-03-12','654 Elm St, Jackson',6),(127,'Ethan Taylor','1998-10-04','456 Cherry St, Greenwood',7),(128,'Lucas Wright','1981-01-25','987 Maple St, Lexington',8),(129,'Sophia Davis','1992-04-15','654 Pine St, Madison',9),(130,'Henry Young','1979-07-05','321 Willow St, Springfield',10),(131,'Mason Scott','1986-08-18','456 Oak St, Franklin',11),(132,'Charlotte Hall','1993-06-08','987 Cherry St, Greenwood',12),(133,'Amelia Adams','2001-03-29','654 Cedar St, Jackson',13),(134,'Ethan Harris','1995-02-03','321 Elm St, Lexington',14),(135,'Lucas Turner','1982-12-27','456 Maple St, Madison',15),(136,'Mia Martinez','1997-11-13','987 Willow St, Kingston',16),(137,'Zoe Hill','1980-10-23','654 Elm St, Franklin',17),(138,'Henry Brown','1999-01-02','321 Pine St, Greenwood',18),(139,'Ella White','1983-09-11','456 Cedar St, Jackson',19),(140,'Sophia Clark','1991-07-07','987 Oak St, Madison',20),(141,'Eleanor James','1975-02-13','123 Apple St, Fairview',21),(142,'Liam Baker','1987-06-22','456 Willow St, Lincoln',22),(143,'Emma Carter','1990-08-12','789 Maple St, Ashland',23),(144,'Nathan Turner','1983-03-17','321 Pine St, Lexington',24),(145,'Sophia King','1992-01-27','654 Cedar St, Jackson',25),(146,'Noah Adams','1998-04-19','987 Oak St, Franklin',26),(147,'Grace Lee','1979-09-14','123 Birch St, Greenwood',27),(148,'Olivia Harris','2001-10-05','456 Cherry St, Springfield',28),(149,'Zoe Wright','1986-12-15','789 Elm St, Madison',29),(150,'Lucas Scott','1984-07-28','321 Oak St, Kingston',30),(151,'Charlotte White','1995-09-02','654 Willow St, Monroe',31),(152,'James Johnson','1971-11-18','987 Pine St, Lincoln',32),(153,'Elijah Martin','2002-03-25','123 Cedar St, Springfield',33),(154,'Amelia Brown','1988-05-10','456 Maple St, Franklin',34),(155,'Sophia Davis','1999-02-01','789 Birch St, Greenwood',35),(156,'Liam Walker','1973-08-16','321 Elm St, Ashland',36),(157,'Charlotte Taylor','1982-04-13','654 Cherry St, Lexington',37),(158,'Henry Young','1994-11-07','123 Oak St, Jackson',38),(159,'Mia Allen','1996-06-23','456 Willow St, Madison',39),(160,'Lucas Clark','1980-09-29','789 Cedar St, Springfield',40),(161,'Sophia Moore','2003-01-12','987 Maple St, Franklin',1),(162,'Ethan Wright','1991-10-31','123 Elm St, Lincoln',2),(163,'Emma Lewis','1987-03-18','654 Oak St, Ashland',3),(164,'Isabella Hill','1992-06-15','456 Pine St, Greenwood',4),(165,'Jack Martinez','1985-08-20','321 Cedar St, Kingston',5),(166,'Sophia Carter','1976-07-05','987 Cherry St, Lexington',6),(167,'Elijah Turner','1990-02-28','123 Willow St, Madison',7),(168,'Grace Brown','1984-09-17','654 Elm St, Springfield',8),(169,'Olivia Johnson','2001-05-22','456 Maple St, Franklin',9),(170,'Noah White','1989-11-13','789 Oak St, Greenwood',10),(171,'Ava Taylor','1983-01-30','321 Cherry St, Jackson',11),(172,'Mason Harris','1993-04-25','654 Willow St, Lincoln',12),(173,'Charlotte Allen','1978-06-19','987 Cedar St, Ashland',13),(174,'Sophia Martin','1985-12-04','123 Elm St, Kingston',14),(175,'Liam Wright','1997-02-14','456 Pine St, Franklin',15),(176,'Mia Clark','1982-03-21','789 Maple St, Madison',16),(177,'Lucas Hill','1990-08-09','321 Willow St, Springfield',17),(178,'Isabella Moore','1996-07-27','654 Cedar St, Lexington',18),(179,'Henry Johnson','1984-09-03','987 Oak St, Jackson',19),(180,'Elijah Davis','1977-11-23','123 Cherry St, Greenwood',20),(181,'Sophia Martinez','1988-10-10','456 Willow St, Lincoln',21),(182,'Charlotte Young','1981-05-15','789 Cedar St, Madison',22),(183,'Ethan White','1992-06-30','654 Maple St, Franklin',23),(184,'Lucas King','2000-02-12','123 Elm St, Ashland',24),(185,'Mia Taylor','1983-11-18','987 Cedar St, Springfield',25),(186,'Sophia Allen','1994-07-04','456 Maple St, Greenwood',26),(187,'Grace Walker','1997-12-26','789 Oak St, Lincoln',27),(188,'Amelia Johnson','1989-01-14','321 Cherry St, Lexington',28),(189,'Henry Moore','1986-08-07','654 Willow St, Jackson',29),(190,'Olivia Martinez','1990-05-20','123 Pine St, Franklin',30),(191,'Elijah Harris','1987-04-16','456 Elm St, Madison',31),(192,'Charlotte Lee','1999-09-06','987 Oak St, Kingston',32),(193,'Noah Allen','1985-10-23','654 Cedar St, Ashland',33),(194,'Sophia Brown','1978-03-29','789 Willow St, Lincoln',34),(195,'Lucas Davis','1996-11-03','456 Maple St, Springfield',35),(196,'Emma White','2001-02-19','123 Cherry St, Greenwood',36),(197,'Grace Harris','1984-06-25','654 Elm St, Franklin',37),(198,'Ava Martinez','1983-08-14','987 Oak St, Lincoln',38),(199,'Mia Johnson','1995-12-11','321 Maple St, Lexington',39),(200,'Liam Young','1979-01-27','456 Cedar St, Ashland',40),(201,'Ella Parker','1987-03-13','123 Pine St, Lexington',41),(202,'Nathan Brown','1990-06-19','654 Willow St, Madison',42),(203,'Sophia King','1984-01-12','789 Maple St, Greenwood',43),(204,'Elijah Carter','1975-07-15','321 Cedar St, Springfield',44),(205,'Olivia Wright','1992-10-08','456 Elm St, Jackson',45),(206,'Ethan Lee','1983-04-30','987 Cherry St, Franklin',46),(207,'Charlotte Walker','1996-12-11','654 Pine St, Lincoln',47),(208,'Liam Allen','1980-02-23','123 Willow St, Ashland',48),(209,'Mason Martin','1988-09-25','987 Maple St, Kingston',49),(210,'Grace Martinez','1977-11-20','456 Birch St, Greenwood',50),(211,'Ava Harris','1994-05-05','321 Elm St, Springfield',51),(212,'Noah Johnson','1998-07-16','654 Cedar St, Madison',52),(213,'Lucas White','1985-03-29','987 Willow St, Franklin',53),(214,'Isabella Davis','1989-08-10','456 Maple St, Lexington',54),(215,'Jack Torres','2000-04-17','123 Pine St, Greenwood',55),(216,'Zoe Brown','1979-12-06','654 Elm St, Lincoln',56),(217,'Sophia Hill','1986-11-13','987 Cedar St, Jackson',57),(218,'Henry Taylor','1991-01-03','456 Cherry St, Madison',58),(219,'Emma Lee','2003-06-22','321 Birch St, Franklin',59),(220,'Mia Harris','1972-09-27','654 Oak St, Kingston',60),(221,'Benjamin Martinez','1987-07-15','123 Willow St, Lexington',61),(222,'Charlotte King','1990-04-14','456 Pine St, Springfield',62),(223,'Grace Young','1995-05-30','987 Elm St, Greenwood',63),(224,'Elijah Moore','1978-02-25','321 Cedar St, Franklin',64),(225,'Sophia Turner','1982-06-19','654 Maple St, Madison',65),(226,'Noah Allen','1993-11-04','456 Willow St, Jackson',66),(227,'Isabella Johnson','1996-01-18','123 Cherry St, Ashland',67),(228,'Lucas Brown','1984-03-12','654 Elm St, Greenwood',68),(229,'Ethan Scott','1981-08-15','987 Cedar St, Lincoln',69),(230,'Mia White','1998-02-08','321 Maple St, Kingston',70),(231,'Jack Martinez','1986-09-05','456 Pine St, Springfield',71),(232,'Ava Lee','1977-10-20','123 Elm St, Franklin',72),(233,'Liam Torres','1985-04-03','654 Willow St, Madison',73),(234,'Sophia Wright','1992-07-22','987 Maple St, Ashland',74),(235,'Benjamin Taylor','1974-06-09','456 Cedar St, Greenwood',75),(236,'Grace Hill','2001-12-14','321 Birch St, Franklin',76),(237,'Lucas Adams','1997-11-29','654 Oak St, Kingston',77),(238,'Elijah Johnson','1983-01-25','987 Cherry St, Lexington',78),(239,'Noah Walker','1988-10-05','456 Elm St, Madison',79),(240,'Charlotte Harris','1980-02-13','123 Maple St, Springfield',80),(241,'Emma King','1999-04-23','654 Cedar St, Greenwood',81),(242,'Sophia Moore','1985-12-19','987 Pine St, Lincoln',82),(243,'Liam Martinez','1994-06-27','321 Willow St, Ashland',83),(244,'Isabella Taylor','1987-03-15','456 Maple St, Kingston',84),(245,'Mason Lee','1991-01-09','654 Birch St, Springfield',85),(246,'Henry Davis','1989-09-17','123 Cedar St, Madison',86),(247,'Ava Young','1982-04-08','987 Elm St, Greenwood',87),(248,'Elijah Martinez','1978-08-04','456 Oak St, Franklin',88),(249,'Lucas Johnson','1996-10-14','654 Willow St, Lincoln',89),(250,'Sophia Scott','2000-01-06','321 Pine St, Ashland',90),(251,'Grace Turner','1977-07-19','987 Maple St, Kingston',91),(252,'Charlotte White','1995-03-21','123 Elm St, Springfield',92),(253,'Liam Harris','1983-05-12','456 Cedar St, Madison',93),(254,'Noah Brown','1989-09-05','654 Willow St, Franklin',94),(255,'Mia Walker','1986-02-14','987 Cherry St, Lincoln',95),(256,'Isabella Allen','1993-06-25','321 Oak St, Jackson',96),(257,'Benjamin Moore','1984-08-17','654 Birch St, Greenwood',97),(258,'Sophia Taylor','1997-11-03','987 Pine St, Ashland',98),(259,'Jack Martinez','1982-03-27','456 Maple St, Kingston',99),(260,'Elijah Adams','1980-10-12','321 Elm St, Springfield',100),(261,'William Harris','1987-03-14','123 Elm St, Springfield',1),(262,'Charlotte Adams','1993-06-27','456 Oak St, Madison',2),(263,'Lucas Martin','1975-08-19','789 Pine St, Kingston',3),(264,'Sophia Taylor','1989-10-13','321 Cedar St, Franklin',4),(265,'Ethan Wright','1991-12-05','654 Maple St, Ashland',5),(266,'Grace Hill','1985-04-08','987 Cherry St, Greenwood',6),(267,'Henry Brown','2000-06-11','123 Willow St, Lincoln',7),(268,'Amelia Harris','1994-03-22','456 Birch St, Springfield',8),(269,'Jack Davis','1977-05-20','654 Oak St, Madison',9),(270,'Zoe Martinez','1982-07-15','987 Elm St, Kingston',10),(271,'Noah King','1999-08-04','321 Cherry St, Franklin',11),(272,'Olivia Lee','1979-10-29','456 Maple St, Greenwood',12),(273,'Mason Moore','1983-02-18','654 Willow St, Ashland',13),(274,'Charlotte White','1990-05-31','987 Birch St, Kingston',14),(275,'Elijah Johnson','1986-03-23','321 Pine St, Springfield',15),(276,'Emma Turner','1974-07-12','654 Cedar St, Franklin',16),(277,'Liam Walker','1988-11-07','456 Elm St, Lincoln',17),(278,'Sophia Allen','1997-01-30','789 Maple St, Madison',18),(279,'Grace Torres','1984-08-24','987 Oak St, Ashland',19),(280,'Ethan Martinez','1975-12-28','123 Cherry St, Kingston',20),(281,'Benjamin Clark','1996-03-05','654 Pine St, Greenwood',21),(282,'Ava Lewis','1993-04-15','456 Maple St, Springfield',22),(283,'Noah Adams','1987-06-19','987 Elm St, Franklin',23),(284,'Lucas Young','1981-09-14','321 Cedar St, Madison',24),(285,'Zoe Harris','2003-02-10','654 Willow St, Lincoln',25),(286,'Henry Brown','1995-07-16','789 Birch St, Springfield',26),(287,'Charlotte Moore','1978-11-03','123 Oak St, Franklin',27),(288,'Emma White','1991-05-25','456 Cherry St, Madison',28),(289,'Ethan Taylor','1982-09-08','654 Pine St, Greenwood',29),(290,'Sophia Johnson','1989-01-17','987 Elm St, Lincoln',30),(291,'Mason Hill','1977-06-22','321 Maple St, Ashland',31),(292,'Olivia Turner','1994-08-15','456 Oak St, Kingston',32),(293,'Lucas Brown','1986-02-13','654 Cedar St, Springfield',33),(294,'Grace Martinez','1990-12-19','987 Willow St, Franklin',34),(295,'Elijah Harris','1985-03-27','456 Birch St, Madison',35),(296,'Charlotte Adams','1979-05-31','123 Cherry St, Lincoln',36),(297,'Noah Johnson','1983-07-08','654 Maple St, Kingston',37),(298,'Zoe Martinez','1999-11-24','321 Pine St, Greenwood',38),(299,'Amelia White','2002-06-17','456 Elm St, Springfield',39),(300,'Benjamin Brown','1992-10-11','987 Oak St, Madison',40),(301,'Sophia Torres','1974-04-12','654 Willow St, Ashland',41),(302,'Grace Lee','1980-08-06','321 Birch St, Lincoln',42),(303,'Lucas Clark','1997-03-14','987 Cherry St, Franklin',43),(304,'Emma King','1989-09-30','123 Oak St, Kingston',44),(305,'Ethan Davis','1976-07-18','456 Maple St, Greenwood',45),(306,'Charlotte Martinez','1991-05-25','654 Cedar St, Springfield',46),(307,'Noah Allen','1988-01-20','987 Willow St, Franklin',47),(308,'Ava Taylor','1995-12-29','321 Elm St, Lincoln',48),(309,'Mason Moore','1983-02-14','654 Oak St, Kingston',49),(310,'Sophia Johnson','1977-11-01','987 Cherry St, Greenwood',50),(311,'Benjamin Harris','1999-07-21','321 Maple St, Springfield',51),(312,'Lucas White','2003-05-12','456 Birch St, Franklin',52),(313,'Olivia Brown','1984-03-15','123 Elm St, Madison',53),(314,'Ethan Taylor','1981-01-28','987 Pine St, Kingston',54),(315,'Grace Hill','1996-09-18','654 Willow St, Springfield',55),(316,'Elijah Martinez','1987-10-04','456 Cedar St, Greenwood',56),(317,'Noah Torres','1978-02-11','321 Oak St, Lincoln',57),(318,'Zoe King','1994-11-09','987 Cherry St, Franklin',58),(319,'Sophia Lewis','1997-04-06','654 Maple St, Kingston',59),(320,'Henry Brown','1989-08-19','123 Pine St, Greenwood',60),(321,'Charlotte Harris','2000-01-05','456 Elm St, Madison',61),(322,'Lucas Allen','1985-07-13','987 Willow St, Springfield',62),(323,'Ava Martinez','1974-09-25','654 Cedar St, Kingston',63),(324,'Emma Walker','1982-06-01','321 Birch St, Franklin',64),(325,'Grace Clark','1993-10-16','987 Elm St, Madison',65),(326,'Ethan Young','1986-02-12','456 Oak St, Springfield',66),(327,'Sophia Martinez','1995-08-29','654 Maple St, Greenwood',67),(328,'Benjamin White','1988-03-07','987 Cherry St, Franklin',68),(329,'Lucas Harris','1977-10-21','123 Willow St, Kingston',69),(330,'Amelia Brown','2001-11-28','456 Cedar St, Springfield',70),(331,'Elijah Allen','1992-05-08','987 Elm St, Franklin',71),(332,'Noah Taylor','1981-04-14','654 Pine St, Greenwood',72),(333,'Grace King','1979-09-06','321 Birch St, Lincoln',73),(334,'Mason Torres','1996-12-15','456 Maple St, Kingston',74),(335,'Zoe Adams','1998-07-01','654 Willow St, Franklin',75),(336,'Charlotte Davis','1987-01-10','987 Cedar St, Springfield',76),(337,'Sophia White','1984-10-18','123 Oak St, Madison',77),(338,'Lucas Martinez','1976-05-23','654 Elm St, Kingston',78),(339,'Ethan Harris','1994-06-29','456 Cherry St, Franklin',79),(340,'Amelia Lee','1989-12-31','987 Maple St, Greenwood',80),(341,'Noah Walker','1982-02-14','123 Willow St, Madison',81),(342,'Sophia Moore','1991-03-08','654 Cedar St, Franklin',82),(343,'Henry Brown','1986-07-25','987 Pine St, Kingston',83),(344,'Charlotte Harris','2000-01-11','456 Elm St, Springfield',84),(345,'Lucas Torres','1983-09-18','654 Willow St, Lincoln',85),(346,'Zoe Adams','1999-04-13','321 Birch St, Franklin',86),(347,'Ava Johnson','1997-10-02','987 Cherry St, Greenwood',87),(348,'Grace White','1978-11-24','654 Pine St, Kingston',88),(349,'Elijah Young','1984-06-16','456 Cedar St, Madison',89),(350,'Sophia Lewis','1993-08-31','987 Willow St, Springfield',90),(351,'Lucas Brown','1987-03-22','123 Maple St, Lincoln',91),(352,'Mason Harris','1992-10-19','654 Elm St, Greenwood',92),(353,'Amelia King','1977-05-28','987 Birch St, Franklin',93),(354,'Zoe Taylor','1983-01-25','456 Cherry St, Kingston',94),(355,'Charlotte Martinez','1996-07-30','654 Willow St, Ashland',95),(356,'Ethan Allen','1999-12-20','987 Elm St, Franklin',96),(357,'Noah Johnson','1984-02-09','321 Pine St, Madison',97),(358,'Sophia Walker','1995-08-21','654 Maple St, Kingston',98),(359,'Grace Torres','1989-06-07','987 Cedar St, Springfield',99),(360,'Benjamin White','1976-03-16','456 Oak St, Lincoln',100),(361,'Liam Wright','1989-07-22','123 Pine St, Kingston',1),(362,'Olivia Taylor','1976-12-15','456 Oak St, Springfield',2),(363,'Sophia Harris','1995-03-11','654 Maple St, Madison',3),(364,'Noah Martinez','1983-06-19','789 Elm St, Greenwood',4),(365,'Grace Adams','2001-08-22','321 Cedar St, Franklin',5),(366,'Elijah White','1990-11-10','987 Cherry St, Lincoln',6),(367,'Ava Brown','1982-09-14','456 Willow St, Ashland',7),(368,'Lucas Johnson','1977-04-05','654 Birch St, Springfield',8),(369,'Mason Torres','1992-05-30','123 Oak St, Franklin',9),(370,'Charlotte Moore','1985-01-17','987 Elm St, Kingston',10),(371,'Henry Taylor','1999-04-28','654 Maple St, Madison',11),(372,'Zoe Hill','1986-07-23','789 Cedar St, Lincoln',12),(373,'Benjamin Allen','1994-02-08','321 Elm St, Franklin',13),(374,'Emma Scott','1988-05-25','456 Pine St, Greenwood',14),(375,'Grace Davis','1981-11-01','654 Willow St, Springfield',15),(376,'Ethan Wright','1997-03-20','987 Cherry St, Madison',16),(377,'Sophia Young','1989-09-06','123 Birch St, Lincoln',17),(378,'Lucas Brown','1973-02-14','654 Maple St, Kingston',18),(379,'Amelia Harris','1995-08-04','789 Oak St, Greenwood',19),(380,'Noah Martinez','1980-06-30','987 Cedar St, Madison',20),(381,'Mason Lee','1992-01-19','456 Cherry St, Springfield',21),(382,'Charlotte Torres','1984-03-28','321 Maple St, Franklin',22),(383,'Zoe King','1998-07-13','654 Willow St, Kingston',23),(384,'Elijah Martinez','1986-05-23','987 Pine St, Greenwood',24),(385,'Sophia Johnson','2000-10-18','456 Elm St, Ashland',25),(386,'Henry White','1975-11-15','654 Cedar St, Franklin',26),(387,'Grace Brown','1993-08-02','789 Willow St, Springfield',27),(388,'Ava Hill','1987-09-30','123 Oak St, Kingston',28),(389,'Lucas Taylor','1984-12-27','987 Cherry St, Madison',29),(390,'Benjamin Wright','1981-03-05','654 Maple St, Lincoln',30),(391,'Emma Davis','1999-01-07','321 Elm St, Greenwood',31),(392,'Mason Torres','1994-06-10','456 Pine St, Franklin',32),(393,'Sophia Scott','1982-04-24','654 Willow St, Madison',33),(394,'Noah Young','1977-07-21','987 Cedar St, Lincoln',34),(395,'Grace White','1991-10-12','123 Birch St, Springfield',35),(396,'Elijah Martinez','2001-12-31','654 Maple St, Franklin',36),(397,'Ava King','1996-08-16','456 Elm St, Greenwood',37),(398,'Henry Brown','1978-02-19','321 Oak St, Kingston',38),(399,'Zoe Taylor','1985-09-25','987 Pine St, Springfield',39),(400,'Sophia Hill','1990-06-27','654 Cedar St, Lincoln',40),(401,'Amelia Wright','1979-03-15','321 Maple St, Madison',41),(402,'Lucas Johnson','1992-05-13','123 Willow St, Kingston',42),(403,'Benjamin Lee','1983-07-24','654 Oak St, Springfield',43),(404,'Grace Allen','2000-12-08','987 Cherry St, Lincoln',44),(405,'Ethan Davis','1987-04-04','321 Elm St, Greenwood',45),(406,'Sophia Torres','1993-10-29','654 Maple St, Kingston',46),(407,'Zoe Martinez','1976-01-17','987 Pine St, Madison',47),(408,'Ava Brown','1982-02-19','123 Cedar St, Franklin',48),(409,'Henry White','1995-11-12','456 Willow St, Springfield',49),(410,'Emma Young','1988-09-21','321 Maple St, Kingston',50),(411,'Noah Taylor','1994-03-18','654 Birch St, Lincoln',51),(412,'Lucas King','1977-06-28','987 Elm St, Madison',52),(413,'Mason Scott','1999-01-02','456 Cherry St, Springfield',53),(414,'Sophia Allen','1983-11-25','321 Oak St, Greenwood',54),(415,'Elijah Wright','1996-07-14','654 Maple St, Lincoln',55),(416,'Grace Hill','1982-08-06','987 Pine St, Franklin',56),(417,'Charlotte Torres','1991-02-24','123 Cedar St, Madison',57),(418,'Emma Brown','1975-05-22','456 Willow St, Kingston',58),(419,'Henry Taylor','1998-06-30','321 Maple St, Lincoln',59),(420,'Benjamin Harris','1990-03-01','987 Elm St, Kingston',60),(421,'Mason Scott','1985-07-19','456 Elm St, Greenwood',1),(422,'Sophia Taylor','1994-03-21','123 Maple St, Kingston',2),(423,'Grace Wright','1990-05-25','789 Pine St, Madison',3),(424,'Elijah White','1977-08-11','654 Willow St, Ashland',4),(425,'Ava Brown','1989-09-22','321 Cedar St, Franklin',5),(426,'Lucas Martinez','1984-06-15','987 Oak St, Lincoln',6),(427,'Zoe Harris','1996-01-14','654 Birch St, Springfield',7),(428,'Benjamin Hill','2001-03-12','123 Elm St, Kingston',8),(429,'Sophia Davis','1988-04-29','456 Maple St, Greenwood',9),(430,'Mia King','1981-02-03','789 Oak St, Madison',10),(431,'Ethan Brown','1979-12-06','321 Willow St, Franklin',11),(432,'Olivia Johnson','1992-11-17','654 Cedar St, Lincoln',12),(433,'Charlotte Torres','1995-07-08','987 Birch St, Springfield',13),(434,'Lucas Allen','1983-03-25','123 Maple St, Kingston',14),(435,'Sophia Adams','1976-09-13','456 Elm St, Greenwood',15),(436,'Henry Taylor','2000-10-19','789 Pine St, Madison',16),(437,'Noah Martinez','1987-08-21','654 Willow St, Ashland',17),(438,'Grace Scott','1998-05-12','321 Cedar St, Franklin',18),(439,'Amelia Harris','1984-12-04','987 Oak St, Lincoln',19),(440,'Mason Hill','1993-06-18','456 Maple St, Springfield',20),(441,'Liam Harris','1984-07-22','123 Maple St, Franklin',1),(442,'Olivia Scott','1990-05-10','456 Oak St, Kingston',2),(443,'Sophia Brown','1995-02-13','789 Pine St, Madison',3),(444,'Noah Wright','1983-11-29','321 Willow St, Springfield',4),(445,'Grace Taylor','1976-06-12','654 Elm St, Ashland',5),(446,'Elijah Johnson','1989-09-05','987 Cherry St, Franklin',6),(447,'Ava White','2001-03-15','456 Cedar St, Lincoln',7),(448,'Lucas Martinez','1988-01-20','321 Pine St, Kingston',8),(449,'Mason Allen','1994-08-10','654 Maple St, Madison',9),(450,'Zoe Moore','1978-12-30','987 Birch St, Springfield',10),(451,'Benjamin King','1985-03-25','123 Elm St, Greenwood',11),(452,'Emma Hill','1993-10-08','456 Oak St, Franklin',12),(453,'Henry Davis','1981-07-13','789 Cherry St, Lincoln',13),(454,'Charlotte Lee','1977-09-18','654 Cedar St, Kingston',14),(455,'Amelia Torres','1998-05-29','987 Willow St, Madison',15),(456,'Sophia Adams','1983-04-04','456 Elm St, Ashland',16),(457,'Noah Walker','1991-11-15','321 Maple St, Franklin',17),(458,'Grace Harris','1986-06-23','654 Pine St, Springfield',18),(459,'Ethan Martinez','1994-03-02','987 Birch St, Kingston',19),(460,'Ava Young','2000-07-06','456 Maple St, Lincoln',20),(461,'Liam Brooks','1982-06-24','123 Pine St, Springfield',21),(462,'Olivia Taylor','1995-03-28','456 Oak St, Kingston',22),(463,'Sophia Johnson','1989-07-18','654 Maple St, Madison',23),(464,'Noah Davis','1977-11-12','789 Cedar St, Franklin',24),(465,'Grace Lee','1984-09-30','321 Willow St, Ashland',25),(466,'Elijah White','2001-02-15','987 Elm St, Greenwood',26),(467,'Ava Brown','1992-10-01','456 Cherry St, Lincoln',27),(468,'Lucas Martinez','1988-05-20','654 Oak St, Springfield',28),(469,'Mason Wright','1994-01-10','123 Maple St, Madison',29),(470,'Zoe Harris','1980-03-12','789 Elm St, Kingston',30),(471,'Benjamin Allen','1999-08-19','456 Pine St, Franklin',31),(472,'Emma Torres','1987-04-07','654 Cedar St, Ashland',32),(473,'Henry Scott','1991-11-01','987 Willow St, Springfield',33),(474,'Charlotte Adams','1985-06-29','321 Elm St, Lincoln',34),(475,'Amelia Walker','1996-09-25','456 Maple St, Kingston',35),(476,'Sophia Young','1979-08-14','654 Birch St, Franklin',36),(477,'Noah King','1984-02-17','789 Cedar St, Madison',37),(478,'Grace Hill','1993-07-06','321 Oak St, Springfield',38),(479,'Ethan Martinez','1981-12-30','654 Maple St, Kingston',39),(480,'Ava Brown','1998-05-13','987 Elm St, Madison',40),(481,'Liam Taylor','1983-03-10','123 Pine St, Greenwood',41),(482,'Olivia Harris','1990-09-23','456 Oak St, Franklin',42),(483,'Sophia Davis','1985-04-18','654 Cherry St, Lincoln',43),(484,'Noah Walker','2000-12-01','789 Maple St, Kingston',44),(485,'Grace Torres','1997-07-25','987 Cedar St, Madison',45),(486,'Elijah Martinez','1994-06-05','456 Willow St, Springfield',46),(487,'Lucas Allen','1982-11-20','654 Elm St, Kingston',47),(488,'Mason Lee','1978-01-29','321 Maple St, Greenwood',48),(489,'Charlotte Adams','1999-10-11','456 Oak St, Franklin',49),(490,'Henry Scott','1987-08-03','654 Birch St, Springfield',50),(491,'Emma King','1991-03-17','789 Pine St, Madison',51),(492,'Ava Harris','1983-02-28','987 Cherry St, Ashland',52),(493,'Benjamin Taylor','1975-05-06','321 Elm St, Franklin',53),(494,'Sophia Walker','1998-11-02','456 Cedar St, Kingston',54),(495,'Noah Johnson','1984-09-25','654 Willow St, Springfield',55),(496,'Grace Brown','1992-06-16','987 Elm St, Madison',56),(497,'Ethan Davis','1979-04-12','456 Maple St, Greenwood',57),(498,'Liam Martinez','1981-12-04','654 Oak St, Kingston',58),(499,'Zoe Hill','2001-07-08','321 Pine St, Franklin',59),(500,'Olivia Allen','1987-03-09','987 Cedar St, Kingston',60),(501,'Sophia White','1996-10-13','456 Elm St, Madison',61),(502,'Noah Harris','1988-08-17','654 Willow St, Franklin',62),(503,'Grace Taylor','1994-02-20','321 Birch St, Springfield',63),(504,'Lucas Martinez','1977-09-03','987 Maple St, Madison',64),(505,'Emma Johnson','1999-05-27','456 Cedar St, Greenwood',65),(506,'Benjamin Young','1983-01-31','654 Elm St, Franklin',66),(507,'Sophia Davis','1990-11-08','789 Oak St, Kingston',67),(508,'Ethan Martinez','1981-02-01','321 Willow St, Madison',68),(509,'Ava Harris','1985-12-19','654 Maple St, Springfield',69),(510,'Liam Torres','1993-08-16','987 Cherry St, Franklin',70),(511,'Noah Brown','1978-06-14','456 Elm St, Madison',71),(512,'Grace Taylor','2000-03-04','321 Cedar St, Lincoln',72),(513,'Lucas Martinez','1997-04-21','654 Oak St, Springfield',73),(514,'Charlotte Young','1995-07-11','456 Pine St, Madison',74),(515,'Sophia White','1982-09-01','987 Maple St, Kingston',75),(516,'Elijah King','1996-06-05','654 Willow St, Franklin',76),(517,'Emma Scott','1979-11-24','321 Elm St, Madison',77),(518,'Noah Wright','1985-01-18','456 Cedar St, Springfield',78),(519,'Grace Harris','1988-02-09','987 Elm St, Kingston',79),(520,'Benjamin Hill','1983-05-12','654 Maple St, Franklin',80),(521,'Amelia Brown','1985-02-17','123 Maple St, Springfield',1),(522,'Noah Harris','1990-05-28','456 Oak St, Kingston',2),(523,'Grace Lee','1987-09-30','654 Willow St, Madison',3),(524,'Lucas Taylor','1981-11-14','789 Elm St, Franklin',4),(525,'Sophia Davis','1995-03-11','321 Cedar St, Greenwood',5),(526,'Benjamin White','2000-07-07','654 Maple St, Lincoln',6),(527,'Charlotte Torres','1989-01-25','987 Birch St, Madison',7),(528,'Henry Scott','1984-10-12','456 Pine St, Ashland',8),(529,'Olivia Martinez','1976-04-18','654 Oak St, Franklin',9),(530,'Ethan Walker','1992-12-05','789 Cedar St, Springfield',10),(531,'Mason Johnson','1988-07-13','321 Maple St, Madison',11),(532,'Grace Taylor','1983-02-08','456 Elm St, Kingston',12),(533,'Sophia Martinez','1997-05-20','654 Willow St, Lincoln',13),(534,'Amelia Young','1982-09-25','987 Oak St, Franklin',14),(535,'Noah Allen','1985-08-03','456 Cherry St, Madison',15),(536,'Lucas White','1994-04-02','654 Pine St, Springfield',16),(537,'Zoe King','1991-11-01','789 Elm St, Kingston',17),(538,'Charlotte Adams','1978-03-17','987 Willow St, Greenwood',18),(539,'Elijah Harris','1987-06-24','123 Maple St, Franklin',19),(540,'Grace Brown','1989-09-18','654 Willow St, Madison',20),(541,'Sophia Torres','1996-01-14','321 Cedar St, Kingston',21),(542,'Henry Taylor','1984-12-21','654 Elm St, Greenwood',22),(543,'Benjamin Martinez','2001-03-10','456 Maple St, Franklin',23),(544,'Lucas Scott','1980-02-06','789 Oak St, Springfield',24),(545,'Ava Hill','1993-07-09','654 Cherry St, Kingston',25),(546,'Ethan Johnson','1983-09-14','321 Maple St, Madison',26),(547,'Sophia White','1994-06-12','456 Elm St, Franklin',27),(548,'Amelia Walker','1977-04-18','654 Cedar St, Greenwood',28),(549,'Noah Martinez','1988-05-28','987 Birch St, Madison',29),(550,'Grace Adams','1999-10-08','321 Elm St, Kingston',30),(551,'Charlotte Young','1981-01-22','654 Maple St, Franklin',31),(552,'Lucas Brown','1992-12-30','987 Cherry St, Greenwood',32),(553,'Olivia Taylor','1984-07-17','456 Willow St, Springfield',33),(554,'Henry Torres','1989-11-23','654 Oak St, Kingston',34),(555,'Mason Harris','1978-08-10','321 Cedar St, Franklin',35),(556,'Sophia Lee','1993-06-27','654 Maple St, Madison',36),(557,'Benjamin White','1985-03-15','456 Elm St, Springfield',37),(558,'Grace Martinez','2000-01-07','654 Willow St, Kingston',38),(559,'Lucas Davis','1987-02-24','987 Maple St, Greenwood',39),(560,'Noah Walker','1983-08-13','456 Birch St, Franklin',40),(561,'Charlotte Adams','1995-05-05','321 Elm St, Kingston',41),(562,'Sophia Torres','1980-09-19','654 Pine St, Greenwood',42),(563,'Ethan Harris','1994-11-29','123 Maple St, Franklin',43),(564,'Amelia King','1988-12-25','456 Oak St, Madison',44),(565,'Grace Johnson','1982-04-03','654 Elm St, Kingston',45),(566,'Lucas Brown','1997-09-09','789 Cedar St, Greenwood',46),(567,'Benjamin Allen','1981-05-22','456 Willow St, Springfield',47),(568,'Noah Taylor','1983-03-06','987 Oak St, Kingston',48),(569,'Sophia Martinez','1996-10-17','654 Birch St, Madison',49),(570,'Charlotte Torres','1987-02-05','321 Maple St, Franklin',50),(571,'Amelia Johnson','1987-04-23','123 Elm St, Springfield',1),(572,'Noah Harris','1994-06-11','456 Oak St, Kingston',2),(573,'Grace Lee','1991-08-19','789 Willow St, Madison',3),(574,'Lucas Taylor','1980-12-03','654 Cedar St, Franklin',4),(575,'Sophia Davis','1985-09-17','987 Birch St, Kingston',5),(576,'Benjamin White','1999-11-05','123 Maple St, Greenwood',6),(577,'Charlotte Torres','1988-07-09','456 Elm St, Lincoln',7),(578,'Henry Scott','1993-02-22','654 Willow St, Ashland',8),(579,'Olivia Martinez','1976-05-14','987 Cedar St, Madison',9),(580,'Ethan Walker','1991-10-28','123 Birch St, Springfield',10),(581,'Mason Johnson','1984-03-15','456 Maple St, Franklin',11),(582,'Grace Taylor','1989-01-07','654 Elm St, Kingston',12),(583,'Sophia Martinez','1982-08-11','987 Pine St, Greenwood',13),(584,'Amelia Young','1997-06-25','456 Oak St, Madison',14),(585,'Noah Allen','1985-04-20','654 Cherry St, Kingston',15),(586,'Lucas White','1980-09-02','987 Willow St, Franklin',16),(587,'Zoe King','1993-12-31','123 Cedar St, Madison',17),(588,'Charlotte Adams','1987-03-18','456 Maple St, Kingston',18),(589,'Elijah Harris','1990-05-27','654 Pine St, Springfield',19),(590,'Grace Brown','1998-11-15','987 Elm St, Madison',20),(591,'Sophia Torres','1979-04-04','456 Birch St, Greenwood',21),(592,'Henry Taylor','1996-02-18','654 Willow St, Franklin',22),(593,'Benjamin Martinez','1981-06-09','123 Oak St, Kingston',23),(594,'Lucas Scott','1984-10-14','987 Maple St, Springfield',24),(595,'Ava Hill','1995-07-08','456 Elm St, Madison',25),(596,'Ethan Johnson','1988-03-16','654 Cherry St, Franklin',26),(597,'Sophia White','1991-09-20','987 Birch St, Kingston',27),(598,'Amelia Walker','1977-05-22','123 Pine St, Springfield',28),(599,'Noah Martinez','1999-01-01','456 Willow St, Kingston',29),(600,'Grace Adams','1994-06-30','654 Elm St, Madison',30);
/*!40000 ALTER TABLE `patients` ENABLE KEYS */;
UNLOCK TABLES;

--
-- Table structure for table `prescriptions`
--

DROP TABLE IF EXISTS `prescriptions`;
/*!40101 SET @saved_cs_client     = @@character_set_client */;
/*!50503 SET character_set_client = utf8mb4 */;
CREATE TABLE `prescriptions` (
  `ID` int unsigned NOT NULL AUTO_INCREMENT,
  `Medication_ID` int unsigned NOT NULL,
  `Patient_ID` int unsigned NOT NULL,
  `Doctor_ID` int unsigned NOT NULL,
  `Date_Of_Prescription` date NOT NULL,
  PRIMARY KEY (`ID`),
  KEY `Medication_ID` (`Medication_ID`),
  KEY `Patient_ID` (`Patient_ID`),
  KEY `Doctor_ID` (`Doctor_ID`),
  CONSTRAINT `prescriptions_ibfk_1` FOREIGN KEY (`Medication_ID`) REFERENCES `medications` (`ID`),
  CONSTRAINT `prescriptions_ibfk_2` FOREIGN KEY (`Patient_ID`) REFERENCES `patients` (`ID`),
  CONSTRAINT `prescriptions_ibfk_3` FOREIGN KEY (`Doctor_ID`) REFERENCES `doctors` (`ID`)
) ENGINE=InnoDB AUTO_INCREMENT=501 DEFAULT CHARSET=utf8mb4 COLLATE=utf8mb4_0900_ai_ci;
/*!40101 SET character_set_client = @saved_cs_client */;

--
-- Dumping data for table `prescriptions`
--

LOCK TABLES `prescriptions` WRITE;
/*!40000 ALTER TABLE `prescriptions` DISABLE KEYS */;
INSERT INTO `prescriptions` VALUES (1,25,423,36,'2024-09-12'),(2,29,13,97,'2023-05-22'),(3,25,336,50,'2024-04-11'),(4,18,451,74,'2023-11-04'),(5,24,231,88,'2023-07-24'),(6,1,364,25,'2023-11-20'),(7,4,497,78,'2024-04-04'),(8,16,362,5,'2023-05-24'),(9,15,51,48,'2024-04-27'),(10,18,40,54,'2023-07-05'),(11,27,575,1,'2023-11-09'),(12,10,59,34,'2024-09-12'),(13,4,299,80,'2024-03-09'),(14,29,335,20,'2023-05-19'),(15,4,49,68,'2023-11-19'),(16,10,250,97,'2023-12-11'),(17,16,304,97,'2023-02-27'),(18,2,421,31,'2023-08-27'),(19,3,552,30,'2024-10-04'),(20,7,219,6,'2024-11-12'),(21,30,125,23,'2023-11-02'),(22,18,544,28,'2024-11-24'),(23,9,581,66,'2023-07-15'),(24,23,547,20,'2023-03-25'),(25,11,47,48,'2024-06-19'),(26,24,537,12,'2024-12-20'),(27,29,465,88,'2024-05-23'),(28,20,109,39,'2023-04-29'),(29,24,227,75,'2024-05-28'),(30,8,99,65,'2024-10-14'),(31,12,283,41,'2024-11-20'),(32,10,523,46,'2024-07-11'),(33,8,400,50,'2024-06-18'),(34,5,582,31,'2023-01-21'),(35,11,537,8,'2023-07-14'),(36,9,295,94,'2024-05-31'),(37,26,136,86,'2023-03-27'),(38,24,96,97,'2023-04-29'),(39,3,171,30,'2024-07-11'),(40,30,82,86,'2023-04-06'),(41,2,539,99,'2023-01-07'),(42,26,381,28,'2024-09-04'),(43,15,357,68,'2024-02-07'),(44,5,300,89,'2023-05-18'),(45,10,224,7,'2023-10-25'),(46,17,427,71,'2024-09-02'),(47,23,208,28,'2023-01-07'),(48,9,536,61,'2024-05-19'),(49,12,151,6,'2024-05-27'),(50,23,566,84,'2023-04-01'),(51,30,22,26,'2024-02-23'),(52,24,8,65,'2024-03-27'),(53,9,107,46,'2024-07-18'),(54,1,63,85,'2023-09-28'),(55,21,54,57,'2023-03-26'),(56,23,222,8,'2024-12-22'),(57,14,123,31,'2024-01-15'),(58,15,309,2,'2024-03-10'),(59,9,190,19,'2023-07-31'),(60,17,202,47,'2024-09-15'),(61,7,102,44,'2024-08-16'),(62,25,39,2,'2023-10-25'),(63,12,102,56,'2024-05-17'),(64,1,215,93,'2023-08-14'),(65,12,173,88,'2023-05-30'),(66,3,197,17,'2024-10-24'),(67,17,588,7,'2023-05-20'),(68,14,363,3,'2024-02-24'),(69,6,586,54,'2024-01-17'),(70,26,545,85,'2023-05-05'),(71,10,489,57,'2023-07-09'),(72,10,21,70,'2023-06-29'),(73,5,336,26,'2024-10-09'),(74,23,52,57,'2023-10-07'),(75,5,597,58,'2023-04-16'),(76,5,98,15,'2023-08-04'),(77,14,163,20,'2023-02-03'),(78,25,312,91,'2023-06-10'),(79,8,438,70,'2023-05-03'),(80,25,114,86,'2024-04-08'),(81,13,335,56,'2023-09-27'),(82,22,212,5,'2023-11-05'),(83,7,65,64,'2024-09-18'),(84,15,309,17,'2023-10-20'),(85,3,347,12,'2024-02-20'),(86,19,513,60,'2023-05-14'),(87,14,181,68,'2023-02-07'),(88,1,170,55,'2023-06-05'),(89,24,545,85,'2023-02-20'),(90,12,306,50,'2023-11-16'),(91,6,554,42,'2023-03-21'),(92,5,278,37,'2024-08-15'),(93,11,110,13,'2023-12-12'),(94,4,442,32,'2024-02-06'),(95,7,301,99,'2023-12-21'),(96,2,505,49,'2023-03-27'),(97,3,301,9,'2024-12-10'),(98,5,124,90,'2024-11-01'),(99,12,415,52,'2023-06-16'),(100,5,546,52,'2023-01-22'),(101,20,105,94,'2023-08-14'),(102,5,126,37,'2024-09-07'),(103,14,549,28,'2024-09-05'),(104,15,172,74,'2024-12-02'),(105,30,7,99,'2025-01-01'),(106,26,72,19,'2023-07-01'),(107,18,356,48,'2023-02-14'),(108,4,102,99,'2024-02-10'),(109,28,151,43,'2024-10-28'),(110,18,254,23,'2023-08-14'),(111,21,165,75,'2024-12-23'),(112,8,293,68,'2023-06-20'),(113,22,170,20,'2024-05-09'),(114,5,498,63,'2024-03-27'),(115,6,114,54,'2024-10-02'),(116,11,96,45,'2023-08-11'),(117,6,452,29,'2023-01-21'),(118,24,340,54,'2024-05-28'),(119,28,526,81,'2024-07-09'),(120,14,353,2,'2024-02-21'),(121,2,549,65,'2024-10-15'),(122,27,200,82,'2024-01-17'),(123,22,527,18,'2023-08-10'),(124,17,93,26,'2024-08-28'),(125,16,372,13,'2023-06-26'),(126,4,67,51,'2023-10-29'),(127,2,457,78,'2023-01-26'),(128,22,295,36,'2024-12-29'),(129,9,274,63,'2024-02-22'),(130,23,575,76,'2024-02-02'),(131,26,520,61,'2023-12-22'),(132,19,572,60,'2024-06-17'),(133,1,176,62,'2024-06-10'),(134,16,231,77,'2024-07-20'),(135,16,114,60,'2023-06-26'),(136,23,163,30,'2023-02-15'),(137,27,13,10,'2024-12-06'),(138,1,113,23,'2024-06-05'),(139,19,143,60,'2023-05-04'),(140,29,335,94,'2024-03-13'),(141,14,52,3,'2024-12-31'),(142,4,600,54,'2023-05-08'),(143,24,248,71,'2023-10-12'),(144,21,348,25,'2023-04-06'),(145,6,145,89,'2024-05-22'),(146,28,63,76,'2024-04-16'),(147,10,255,79,'2024-09-05'),(148,7,342,73,'2024-05-16'),(149,6,378,57,'2023-01-07'),(150,25,469,47,'2023-02-02'),(151,30,366,22,'2023-09-15'),(152,9,67,54,'2024-07-25'),(153,30,270,32,'2024-07-31'),(154,23,137,43,'2023-12-03'),(155,3,331,42,'2023-09-10'),(156,9,112,63,'2024-11-19'),(157,10,39,1,'2023-03-22'),(158,28,33,33,'2023-01-14'),(159,28,31,99,'2024-03-20'),(160,12,426,31,'2024-07-12'),(161,14,488,6,'2024-12-02'),(162,29,110,81,'2023-12-07'),(163,15,421,12,'2023-06-25'),(164,14,529,17,'2024-11-14'),(165,9,115,66,'2023-02-03'),(166,20,50,25,'2023-11-04'),(167,13,347,41,'2024-03-22'),(168,8,163,90,'2023-02-04'),(169,21,246,4,'2024-09-30'),(170,10,85,64,'2024-05-17'),(171,16,211,20,'2024-01-03'),(172,19,295,47,'2023-05-18'),(173,29,424,16,'2023-12-20'),(174,30,367,62,'2023-07-25'),(175,3,350,58,'2024-04-24'),(176,26,514,3,'2024-06-01'),(177,18,185,75,'2023-05-19'),(178,16,278,74,'2024-04-13'),(179,4,390,59,'2023-08-25'),(180,23,36,4,'2024-11-10'),(181,13,359,64,'2023-02-17'),(182,30,180,66,'2023-06-13'),(183,7,458,5,'2024-12-10'),(184,20,164,51,'2024-10-03'),(185,14,448,14,'2024-04-12'),(186,8,519,56,'2023-06-27'),(187,30,557,95,'2024-06-06'),(188,13,354,7,'2023-10-07'),(189,9,548,98,'2024-01-09'),(190,1,22,48,'2024-01-02'),(191,21,153,97,'2023-07-03'),(192,13,4,35,'2024-05-25'),(193,15,24,9,'2024-03-26'),(194,24,27,50,'2024-08-14'),(195,22,217,86,'2024-03-25'),(196,21,91,13,'2023-12-07'),(197,19,196,76,'2023-01-13'),(198,7,359,25,'2023-04-01'),(199,8,465,86,'2024-09-30'),(200,4,214,75,'2023-06-04'),(201,7,192,7,'2023-10-14'),(202,13,442,74,'2023-06-03'),(203,22,43,23,'2023-09-15'),(204,17,232,38,'2024-06-15'),(205,20,312,79,'2024-03-31'),(206,12,354,86,'2025-01-03'),(207,19,46,28,'2024-08-16'),(208,25,504,77,'2023-09-26'),(209,10,59,73,'2023-01-31'),(210,8,89,12,'2023-02-26'),(211,18,377,74,'2023-09-15'),(212,20,123,85,'2023-05-11'),(213,10,450,51,'2023-12-23'),(214,2,87,2,'2023-06-06'),(215,7,3,28,'2023-01-11'),(216,18,239,32,'2024-10-18'),(217,8,207,55,'2024-03-01'),(218,3,279,92,'2023-12-08'),(219,4,419,85,'2023-10-06'),(220,26,218,4,'2023-04-13'),(221,5,464,46,'2024-10-03'),(222,22,540,73,'2023-09-16'),(223,3,257,77,'2024-06-20'),(224,7,244,38,'2024-09-06'),(225,9,156,31,'2023-01-16'),(226,25,111,58,'2024-03-14'),(227,2,23,66,'2023-06-05'),(228,12,167,33,'2023-08-24'),(229,30,340,48,'2024-05-20'),(230,19,203,99,'2023-10-16'),(231,25,459,75,'2023-05-26'),(232,25,570,60,'2023-03-09'),(233,17,469,73,'2024-11-13'),(234,23,323,12,'2024-06-14'),(235,29,84,56,'2023-04-07'),(236,12,429,7,'2023-01-28'),(237,13,334,73,'2023-10-12'),(238,26,554,71,'2023-11-01'),(239,25,157,35,'2024-08-01'),(240,12,329,23,'2024-09-08'),(241,7,99,62,'2024-09-04'),(242,16,375,63,'2023-01-20'),(243,22,118,49,'2024-08-30'),(244,29,350,47,'2024-08-20'),(245,22,290,76,'2024-03-11'),(246,20,521,70,'2024-09-09'),(247,14,132,52,'2023-10-02'),(248,20,15,16,'2023-11-11'),(249,9,390,91,'2023-05-05'),(250,11,402,66,'2024-11-09'),(251,16,538,3,'2024-01-15'),(252,3,451,80,'2024-03-14'),(253,27,8,58,'2024-08-08'),(254,22,217,78,'2024-09-13'),(255,20,169,26,'2023-03-28'),(256,25,95,70,'2023-03-05'),(257,8,392,36,'2024-06-07'),(258,13,160,66,'2024-02-20'),(259,24,225,60,'2024-02-02'),(260,10,192,57,'2023-06-07'),(261,9,380,26,'2024-04-01'),(262,1,464,45,'2023-04-27'),(263,30,111,45,'2024-06-08'),(264,1,383,1,'2024-09-21'),(265,17,552,30,'2023-02-26'),(266,14,518,20,'2023-11-30'),(267,10,112,40,'2023-03-01'),(268,21,585,48,'2023-08-29'),(269,14,95,50,'2024-01-12'),(270,28,357,37,'2024-06-22'),(271,13,114,90,'2024-10-19'),(272,8,264,41,'2024-08-27'),(273,24,579,75,'2023-10-11'),(274,26,303,11,'2024-12-22'),(275,21,235,26,'2024-06-20'),(276,13,567,65,'2023-08-22'),(277,1,59,3,'2024-10-03'),(278,28,238,18,'2023-12-17'),(279,2,284,95,'2023-09-16'),(280,29,433,61,'2024-11-06'),(281,10,423,92,'2024-05-03'),(282,30,482,14,'2023-11-11'),(283,21,263,59,'2024-06-01'),(284,26,307,31,'2024-01-10'),(285,13,381,93,'2023-05-22'),(286,28,331,2,'2024-11-08'),(287,4,415,90,'2023-03-24'),(288,13,353,33,'2023-05-14'),(289,21,289,61,'2024-01-15'),(290,2,484,18,'2024-08-07'),(291,19,331,41,'2023-05-21'),(292,21,590,54,'2023-02-09'),(293,15,374,44,'2024-05-13'),(294,5,80,97,'2024-01-23'),(295,16,169,50,'2024-08-27'),(296,20,266,65,'2023-03-07'),(297,27,363,88,'2023-09-15'),(298,23,556,45,'2023-04-21'),(299,19,97,14,'2023-11-28'),(300,7,400,61,'2023-01-25'),(301,27,457,97,'2024-12-30'),(302,14,152,65,'2024-02-25'),(303,25,318,26,'2024-01-11'),(304,28,393,61,'2024-03-20'),(305,25,435,2,'2023-12-10'),(306,24,316,86,'2023-11-09'),(307,19,248,73,'2023-05-16'),(308,29,166,77,'2023-11-19'),(309,3,92,4,'2024-05-20'),(310,6,472,15,'2024-08-04'),(311,16,326,78,'2024-07-11'),(312,16,277,47,'2023-01-12'),(313,10,317,53,'2023-01-16'),(314,15,375,60,'2023-01-20'),(315,6,491,73,'2023-03-12'),(316,3,178,39,'2024-07-17'),(317,25,34,30,'2023-08-10'),(318,3,288,41,'2023-02-19'),(319,28,296,85,'2024-06-18'),(320,4,473,42,'2023-05-26'),(321,13,97,46,'2024-10-27'),(322,21,543,14,'2023-09-17'),(323,3,200,80,'2024-02-24'),(324,24,382,7,'2023-08-08'),(325,6,350,83,'2023-03-26'),(326,30,553,66,'2024-08-13'),(327,8,90,15,'2023-06-12'),(328,13,561,37,'2023-03-20'),(329,2,184,4,'2024-07-14'),(330,12,342,8,'2024-03-26'),(331,1,154,39,'2024-08-12'),(332,5,309,75,'2024-09-20'),(333,20,389,4,'2023-07-16'),(334,1,278,30,'2024-06-10'),(335,14,218,91,'2024-04-11'),(336,26,550,87,'2024-05-27'),(337,29,347,2,'2023-01-22'),(338,10,131,88,'2023-06-02'),(339,20,570,31,'2024-05-18'),(340,12,107,81,'2023-02-18'),(341,7,564,17,'2024-04-13'),(342,14,103,12,'2024-06-23'),(343,24,325,77,'2024-02-19'),(344,2,563,59,'2023-02-06'),(345,2,267,97,'2023-04-25'),(346,21,503,53,'2024-07-14'),(347,26,381,64,'2023-07-22'),(348,5,242,22,'2024-03-28'),(349,27,317,6,'2023-04-29'),(350,29,184,8,'2024-10-21'),(351,14,490,41,'2023-09-17'),(352,17,190,23,'2023-01-25'),(353,23,39,39,'2023-03-02'),(354,1,410,64,'2023-02-25'),(355,8,271,95,'2024-07-28'),(356,13,55,78,'2024-10-29'),(357,3,574,57,'2024-07-06'),(358,28,580,47,'2024-06-02'),(359,27,354,49,'2023-06-01'),(360,18,427,22,'2023-02-18'),(361,17,392,61,'2023-04-30'),(362,26,172,88,'2024-12-22'),(363,5,36,46,'2023-05-22'),(364,19,42,70,'2024-03-24'),(365,24,109,47,'2023-08-31'),(366,19,346,84,'2023-03-04'),(367,19,6,45,'2024-10-06'),(368,28,538,32,'2023-03-09'),(369,11,32,96,'2024-10-28'),(370,16,13,6,'2024-09-25'),(371,4,558,88,'2024-08-21'),(372,9,255,87,'2024-06-05'),(373,14,7,74,'2023-05-15'),(374,1,377,71,'2024-07-19'),(375,19,352,63,'2023-06-06'),(376,30,98,17,'2023-05-16'),(377,26,541,59,'2023-07-18'),(378,11,306,47,'2023-06-28'),(379,3,481,87,'2023-01-17'),(380,4,175,46,'2023-01-19'),(381,26,80,62,'2023-12-04'),(382,19,67,4,'2023-08-24'),(383,4,591,46,'2024-11-14'),(384,3,551,78,'2023-03-26'),(385,30,544,5,'2023-08-22'),(386,29,573,38,'2023-08-26'),(387,6,415,79,'2023-06-19'),(388,8,221,18,'2024-03-15'),(389,20,165,46,'2024-07-05'),(390,25,262,87,'2024-11-21'),(391,9,137,7,'2024-05-18'),(392,21,224,72,'2024-06-29'),(393,30,85,85,'2023-05-30'),(394,22,63,38,'2023-12-24'),(395,5,194,33,'2023-02-02'),(396,4,212,79,'2023-05-05'),(397,6,4,47,'2024-04-06'),(398,13,439,14,'2024-11-14'),(399,25,403,92,'2024-05-27'),(400,13,397,70,'2024-06-02'),(401,14,438,40,'2023-07-19'),(402,25,352,12,'2023-11-22'),(403,18,463,96,'2024-07-25'),(404,29,361,22,'2024-04-25'),(405,28,329,30,'2023-07-12'),(406,21,565,24,'2023-07-16'),(407,3,374,80,'2023-04-16'),(408,23,14,73,'2023-10-27'),(409,13,595,52,'2024-07-22'),(410,15,177,17,'2023-08-20'),(411,17,346,14,'2024-05-26'),(412,5,45,60,'2023-08-24'),(413,7,180,4,'2023-04-09'),(414,16,182,34,'2024-05-22'),(415,27,585,59,'2024-05-15'),(416,17,558,54,'2023-06-17'),(417,10,334,77,'2024-09-29'),(418,28,383,47,'2024-05-28'),(419,30,76,60,'2023-01-10'),(420,26,561,1,'2024-06-18'),(421,29,291,28,'2024-07-09'),(422,19,53,85,'2023-12-04'),(423,22,220,61,'2024-08-05'),(424,5,44,3,'2023-12-05'),(425,2,559,15,'2023-07-01'),(426,18,588,100,'2024-09-05'),(427,4,362,64,'2023-07-02'),(428,24,407,10,'2023-03-31'),(429,14,460,91,'2023-09-27'),(430,11,523,51,'2023-09-14'),(431,15,67,33,'2023-08-11'),(432,7,127,87,'2024-12-25'),(433,10,60,4,'2025-01-04'),(434,25,575,64,'2024-05-15'),(435,22,32,2,'2024-10-17'),(436,24,270,33,'2023-02-14'),(437,21,107,95,'2023-03-05'),(438,27,485,77,'2024-06-24'),(439,22,35,3,'2023-03-02'),(440,10,345,71,'2024-05-09'),(441,9,592,81,'2023-01-18'),(442,25,69,23,'2024-08-16'),(443,8,388,9,'2023-11-21'),(444,2,360,26,'2024-07-10'),(445,19,96,74,'2024-04-09'),(446,1,212,70,'2023-10-30'),(447,12,351,62,'2024-06-11'),(448,22,374,75,'2023-12-05'),(449,16,311,63,'2023-09-16'),(450,28,416,12,'2024-01-14'),(451,18,52,41,'2023-12-12'),(452,24,144,24,'2023-04-02'),(453,6,453,10,'2023-05-05'),(454,27,480,10,'2024-09-23'),(455,24,550,20,'2024-08-03'),(456,9,117,4,'2023-04-15'),(457,1,312,100,'2023-06-14'),(458,1,81,39,'2023-08-09'),(459,6,231,95,'2023-10-06'),(460,22,185,49,'2024-09-14'),(461,20,359,23,'2023-04-02'),(462,14,180,46,'2023-05-01'),(463,13,116,16,'2023-05-21'),(464,18,92,36,'2023-11-06'),(465,13,407,3,'2023-08-12'),(466,18,36,52,'2023-10-26'),(467,9,375,22,'2024-06-10'),(468,5,133,27,'2024-05-17'),(469,10,582,96,'2024-06-28'),(470,13,62,7,'2024-10-26'),(471,4,78,60,'2023-07-03'),(472,16,538,75,'2024-07-24'),(473,18,572,56,'2024-05-10'),(474,8,262,94,'2024-02-24'),(475,12,348,90,'2023-11-28'),(476,15,588,19,'2023-03-30'),(477,28,18,95,'2023-03-05'),(478,30,448,20,'2024-04-24'),(479,13,559,85,'2024-11-28'),(480,17,133,64,'2024-06-30'),(481,29,183,23,'2023-08-10'),(482,21,289,34,'2024-07-28'),(483,13,331,31,'2023-07-24'),(484,2,240,40,'2023-12-06'),(485,27,206,92,'2023-06-23'),(486,20,67,57,'2023-07-07'),(487,8,289,62,'2023-06-15'),(488,30,582,42,'2024-10-27'),(489,1,24,92,'2023-09-24'),(490,9,26,41,'2024-12-10'),(491,20,373,17,'2024-10-23'),(492,12,129,64,'2023-09-17'),(493,16,588,85,'2024-10-13'),(494,1,243,41,'2023-07-18'),(495,1,262,62,'2023-08-22'),(496,22,148,82,'2024-12-07'),(497,2,448,24,'2023-08-22'),(498,15,39,50,'2023-06-18'),(499,15,157,69,'2024-01-26'),(500,11,426,69,'2024-01-12');
/*!40000 ALTER TABLE `prescriptions` ENABLE KEYS */;
UNLOCK TABLES;
/*!40103 SET TIME_ZONE=@OLD_TIME_ZONE */;

/*!40101 SET SQL_MODE=@OLD_SQL_MODE */;
/*!40014 SET FOREIGN_KEY_CHECKS=@OLD_FOREIGN_KEY_CHECKS */;
/*!40014 SET UNIQUE_CHECKS=@OLD_UNIQUE_CHECKS */;
/*!40101 SET CHARACTER_SET_CLIENT=@OLD_CHARACTER_SET_CLIENT */;
/*!40101 SET CHARACTER_SET_RESULTS=@OLD_CHARACTER_SET_RESULTS */;
/*!40101 SET COLLATION_CONNECTION=@OLD_COLLATION_CONNECTION */;
/*!40111 SET SQL_NOTES=@OLD_SQL_NOTES */;

-- Dump completed on 2025-01-11 16:03:45
