-- MySQL dump 10.13  Distrib 8.0.40, for Linux (x86_64)
--
-- Host: localhost    Database: Hospital_Database
-- ------------------------------------------------------
-- Server version	8.0.40-0ubuntu0.22.04.1

/*!40101 SET @OLD_CHARACTER_SET_CLIENT=@@CHARACTER_SET_CLIENT */;
/*!40101 SET @OLD_CHARACTER_SET_RESULTS=@@CHARACTER_SET_RESULTS */;
/*!40101 SET @OLD_COLLATION_CONNECTION=@@COLLATION_CONNECTION */;
/*!50503 SET NAMES utf8mb4 */;
/*!40103 SET @OLD_TIME_ZONE=@@TIME_ZONE */;
/*!40103 SET TIME_ZONE='+00:00' */;
/*!40014 SET @OLD_UNIQUE_CHECKS=@@UNIQUE_CHECKS, UNIQUE_CHECKS=0 */;
/*!40014 SET @OLD_FOREIGN_KEY_CHECKS=@@FOREIGN_KEY_CHECKS, FOREIGN_KEY_CHECKS=0 */;
/*!40101 SET @OLD_SQL_MODE=@@SQL_MODE, SQL_MODE='NO_AUTO_VALUE_ON_ZERO' */;
/*!40111 SET @OLD_SQL_NOTES=@@SQL_NOTES, SQL_NOTES=0 */;

--
-- Table structure for table `appointments`
--

DROP TABLE IF EXISTS `appointments`;
/*!40101 SET @saved_cs_client     = @@character_set_client */;
/*!50503 SET character_set_client = utf8mb4 */;
CREATE TABLE `appointments` (
  `ID` int unsigned NOT NULL AUTO_INCREMENT,
  `Patient_ID` int unsigned NOT NULL,
  `Doctor_ID` int unsigned NOT NULL,
  `Appointment_Date` date NOT NULL,
  PRIMARY KEY (`ID`),
  KEY `Patient_ID` (`Patient_ID`),
  KEY `Doctor_ID` (`Doctor_ID`),
  CONSTRAINT `appointments_ibfk_1` FOREIGN KEY (`Patient_ID`) REFERENCES `patients` (`ID`),
  CONSTRAINT `appointments_ibfk_2` FOREIGN KEY (`Doctor_ID`) REFERENCES `doctors` (`ID`)
) ENGINE=InnoDB AUTO_INCREMENT=620 DEFAULT CHARSET=utf8mb4 COLLATE=utf8mb4_0900_ai_ci;
/*!40101 SET character_set_client = @saved_cs_client */;

--
-- Dumping data for table `appointments`
--

LOCK TABLES `appointments` WRITE;
/*!40000 ALTER TABLE `appointments` DISABLE KEYS */;
INSERT INTO `appointments` VALUES (1,1,1,'2024-07-01'),(2,41,1,'2024-08-10'),(3,81,1,'2024-05-15'),(4,121,1,'2024-03-22'),(5,161,1,'2024-10-03'),(6,261,1,'2024-06-18'),(7,361,1,'2024-09-12'),(8,421,1,'2024-04-20'),(9,441,1,'2024-11-29'),(10,521,1,'2024-07-17'),(11,571,1,'2024-02-28'),(12,2,2,'2024-01-14'),(13,42,2,'2024-08-25'),(14,82,2,'2024-03-01'),(15,122,2,'2024-10-08'),(16,162,2,'2024-06-05'),(17,262,2,'2024-12-04'),(18,362,2,'2024-04-13'),(19,422,2,'2024-02-09'),(20,442,2,'2024-09-22'),(21,522,2,'2024-03-30'),(22,572,2,'2024-05-07'),(23,3,3,'2024-02-16'),(24,43,3,'2024-06-01'),(25,83,3,'2024-03-05'),(26,123,3,'2024-08-19'),(27,163,3,'2024-11-10'),(28,263,3,'2024-05-03'),(29,363,3,'2024-12-19'),(30,423,3,'2024-04-06'),(31,443,3,'2024-07-24'),(32,523,3,'2024-03-15'),(33,573,3,'2024-08-01'),(34,4,4,'2024-07-09'),(35,44,4,'2024-06-29'),(36,84,4,'2024-01-21'),(37,124,4,'2024-09-14'),(38,164,4,'2024-05-11'),(39,264,4,'2024-03-18'),(40,364,4,'2024-12-02'),(41,424,4,'2024-07-13'),(42,444,4,'2024-10-21'),(43,524,4,'2024-06-22'),(44,574,4,'2024-11-12'),(45,5,5,'2024-07-26'),(46,45,5,'2024-03-09'),(47,85,5,'2024-06-15'),(48,125,5,'2024-10-02'),(49,165,5,'2024-04-14'),(50,265,5,'2024-02-18'),(51,365,5,'2024-11-19'),(52,425,5,'2024-01-28'),(53,445,5,'2024-08-11'),(54,525,5,'2024-04-09'),(55,575,5,'2024-03-12'),(56,6,6,'2024-04-18'),(57,46,6,'2024-03-29'),(58,86,6,'2024-07-05'),(59,126,6,'2024-06-15'),(60,166,6,'2024-10-13'),(61,266,6,'2024-08-06'),(62,366,6,'2024-09-30'),(63,426,6,'2024-01-14'),(64,446,6,'2024-04-02'),(65,526,6,'2024-03-17'),(66,576,6,'2024-11-04'),(67,7,7,'2024-05-02'),(68,47,7,'2024-07-11'),(69,87,7,'2024-10-09'),(70,127,7,'2024-06-25'),(71,167,7,'2024-12-14'),(72,267,7,'2024-03-06'),(73,367,7,'2024-11-20'),(74,427,7,'2024-02-17'),(75,447,7,'2024-05-21'),(76,527,7,'2024-08-16'),(77,577,7,'2024-04-28'),(78,8,8,'2024-04-07'),(79,48,8,'2024-07-23'),(80,88,8,'2024-03-12'),(81,128,8,'2024-11-24'),(82,168,8,'2024-05-19'),(83,268,8,'2024-06-27'),(84,368,8,'2024-01-11'),(85,428,8,'2024-08-03'),(86,448,8,'2024-09-12'),(87,528,8,'2024-04-14'),(88,578,8,'2024-11-01'),(89,9,9,'2024-02-25'),(90,49,9,'2024-04-29'),(91,89,9,'2024-06-21'),(92,129,9,'2024-09-15'),(93,169,9,'2024-03-08'),(94,269,9,'2024-11-27'),(95,369,9,'2024-07-18'),(96,429,9,'2024-12-10'),(97,449,9,'2024-01-31'),(98,529,9,'2024-08-30'),(99,579,9,'2024-04-03'),(100,10,10,'2024-06-26'),(101,50,10,'2024-02-21'),(102,90,10,'2024-03-25'),(103,130,10,'2024-08-05'),(104,170,10,'2024-11-06'),(105,270,10,'2024-04-25'),(106,370,10,'2024-01-29'),(107,430,10,'2024-09-04'),(108,450,10,'2024-03-04'),(109,530,10,'2024-05-28'),(110,580,10,'2024-07-30'),(111,11,11,'2024-02-11'),(112,51,11,'2024-08-01'),(113,91,11,'2024-06-17'),(114,131,11,'2024-09-10'),(115,171,11,'2024-11-16'),(116,271,11,'2024-05-14'),(117,371,11,'2024-07-12'),(118,431,11,'2024-01-20'),(119,451,11,'2024-04-08'),(120,531,11,'2024-10-04'),(121,581,11,'2024-03-01'),(122,12,12,'2024-04-14'),(123,52,12,'2024-05-20'),(124,92,12,'2024-10-10'),(125,132,12,'2024-07-01'),(126,172,12,'2024-11-04'),(127,272,12,'2024-09-14'),(128,372,12,'2024-03-17'),(129,432,12,'2024-02-18'),(130,452,12,'2024-08-12'),(131,532,12,'2024-06-05'),(132,582,12,'2024-01-29'),(133,13,13,'2024-02-08'),(134,53,13,'2024-07-25'),(135,93,13,'2024-11-21'),(136,133,13,'2024-05-18'),(137,173,13,'2024-03-05'),(138,273,13,'2024-08-08'),(139,373,13,'2024-04-12'),(140,433,13,'2024-10-17'),(141,453,13,'2024-07-19'),(142,533,13,'2024-06-03'),(143,583,13,'2024-01-22'),(144,14,14,'2024-03-28'),(145,54,14,'2024-09-11'),(146,94,14,'2024-07-03'),(147,134,14,'2024-10-12'),(148,174,14,'2024-05-23'),(149,274,14,'2024-08-06'),(150,374,14,'2024-02-17'),(151,434,14,'2024-04-05'),(152,454,14,'2024-06-14'),(153,534,14,'2024-03-09'),(154,584,14,'2024-09-30'),(155,15,15,'2024-04-16'),(156,55,15,'2024-07-21'),(157,95,15,'2024-10-02'),(158,135,15,'2024-01-15'),(159,175,15,'2024-03-30'),(160,275,15,'2024-11-10'),(161,375,15,'2024-05-07'),(162,435,15,'2024-06-21'),(163,455,15,'2024-07-09'),(164,535,15,'2024-09-23'),(165,585,15,'2024-10-15'),(166,16,16,'2024-05-05'),(167,56,16,'2024-01-12'),(168,96,16,'2024-08-24'),(169,136,16,'2024-07-14'),(170,176,16,'2024-06-04'),(171,276,16,'2024-10-08'),(172,376,16,'2024-09-20'),(173,436,16,'2024-03-22'),(174,456,16,'2024-04-26'),(175,536,16,'2024-06-15'),(176,586,16,'2024-11-11'),(177,17,17,'2024-03-27'),(178,57,17,'2024-07-08'),(179,97,17,'2024-02-10'),(180,137,17,'2024-04-24'),(181,177,17,'2024-09-05'),(182,277,17,'2024-01-26'),(183,377,17,'2024-10-14'),(184,437,17,'2024-08-09'),(185,457,17,'2024-06-11'),(186,537,17,'2024-11-03'),(187,587,17,'2024-05-15'),(188,18,18,'2024-07-13'),(189,58,18,'2024-01-30'),(190,98,18,'2024-03-11'),(191,138,18,'2024-04-15'),(192,178,18,'2024-06-09'),(193,278,18,'2024-09-14'),(194,378,18,'2024-10-18'),(195,438,18,'2024-08-07'),(196,458,18,'2024-03-02'),(197,538,18,'2024-05-25'),(198,588,18,'2024-09-21'),(199,19,19,'2024-02-22'),(200,59,19,'2024-08-07'),(201,99,19,'2024-04-09'),(202,139,19,'2024-07-15'),(203,179,19,'2024-11-08'),(204,279,19,'2024-05-21'),(205,379,19,'2024-03-25'),(206,439,19,'2024-10-04'),(207,459,19,'2024-06-22'),(208,539,19,'2024-01-30'),(209,589,19,'2024-08-14'),(210,20,20,'2024-03-19'),(211,60,20,'2024-09-06'),(212,100,20,'2024-05-12'),(213,140,20,'2024-07-27'),(214,180,20,'2024-11-03'),(215,280,20,'2024-04-28'),(216,380,20,'2024-02-14'),(217,440,20,'2024-10-15'),(218,460,20,'2024-06-06'),(219,540,20,'2024-08-20'),(220,590,20,'2024-03-12'),(221,21,21,'2024-02-27'),(222,61,21,'2024-09-10'),(223,101,21,'2024-06-04'),(224,141,21,'2024-03-18'),(225,181,21,'2024-05-24'),(226,281,21,'2024-10-20'),(227,381,21,'2024-07-29'),(228,461,21,'2024-04-19'),(229,541,21,'2024-09-28'),(230,591,21,'2024-01-15'),(231,22,22,'2024-03-14'),(232,62,22,'2024-09-03'),(233,102,22,'2024-05-17'),(234,142,22,'2024-07-22'),(235,182,22,'2024-02-23'),(236,282,22,'2024-11-04'),(237,382,22,'2024-06-13'),(238,462,22,'2024-08-02'),(239,542,22,'2024-03-28'),(240,592,22,'2024-10-08'),(241,23,23,'2024-02-09'),(242,63,23,'2024-09-11'),(243,103,23,'2024-04-13'),(244,143,23,'2024-06-20'),(245,183,23,'2024-08-17'),(246,283,23,'2024-10-28'),(247,383,23,'2024-03-30'),(248,463,23,'2024-05-27'),(249,543,23,'2024-01-26'),(250,593,23,'2024-07-05'),(251,24,24,'2024-02-13'),(252,64,24,'2024-09-16'),(253,104,24,'2024-05-03'),(254,144,24,'2024-07-18'),(255,184,24,'2024-01-20'),(256,284,24,'2024-03-21'),(257,384,24,'2024-05-23'),(258,464,24,'2024-09-08'),(259,544,24,'2024-06-02'),(260,594,24,'2024-08-29'),(261,25,25,'2024-02-21'),(262,65,25,'2024-09-14'),(263,105,25,'2024-04-27'),(264,145,25,'2024-06-16'),(265,185,25,'2024-10-25'),(266,285,25,'2024-01-30'),(267,385,25,'2024-03-11'),(268,465,25,'2024-07-04'),(269,545,25,'2024-05-31'),(270,595,25,'2024-08-12'),(271,26,26,'2024-02-25'),(272,66,26,'2024-09-05'),(273,106,26,'2024-05-09'),(274,146,26,'2024-07-25'),(275,186,26,'2024-03-01'),(276,286,26,'2024-11-14'),(277,386,26,'2024-06-08'),(278,466,26,'2024-08-04'),(279,546,26,'2024-04-12'),(280,596,26,'2024-10-03'),(281,27,27,'2024-02-06'),(282,67,27,'2024-09-18'),(283,107,27,'2024-05-15'),(284,147,27,'2024-07-10'),(285,187,27,'2024-03-12'),(286,287,27,'2024-10-21'),(287,387,27,'2024-06-27'),(288,467,27,'2024-08-07'),(289,547,27,'2024-01-24'),(290,597,27,'2024-04-30'),(291,28,28,'2024-02-16'),(292,68,28,'2024-09-01'),(293,108,28,'2024-05-06'),(294,148,28,'2024-07-21'),(295,188,28,'2024-03-19'),(296,288,28,'2024-11-01'),(297,388,28,'2024-06-03'),(298,468,28,'2024-08-28'),(299,548,28,'2024-01-25'),(300,598,28,'2024-05-28'),(301,29,29,'2024-02-11'),(302,69,29,'2024-09-20'),(303,109,29,'2024-05-04'),(304,149,29,'2024-07-19'),(305,189,29,'2024-01-26'),(306,289,29,'2024-03-23'),(307,389,29,'2024-06-10'),(308,469,29,'2024-08-23'),(309,549,29,'2024-04-26'),(310,599,29,'2024-10-06'),(311,30,30,'2024-02-14'),(312,70,30,'2024-09-08'),(313,110,30,'2024-05-22'),(314,150,30,'2024-07-16'),(315,190,30,'2024-01-29'),(316,290,30,'2024-03-14'),(317,390,30,'2024-06-30'),(318,470,30,'2024-08-11'),(319,550,30,'2024-04-20'),(320,600,30,'2024-10-15'),(321,31,31,'2024-02-17'),(322,71,31,'2024-09-04'),(323,111,31,'2024-05-14'),(324,151,31,'2024-07-23'),(325,191,31,'2024-03-08'),(326,291,31,'2024-11-12'),(327,391,31,'2024-06-05'),(328,471,31,'2024-08-24'),(329,551,31,'2024-04-28'),(330,32,32,'2024-02-22'),(331,72,32,'2024-09-14'),(332,112,32,'2024-05-09'),(333,152,32,'2024-07-25'),(334,192,32,'2024-03-06'),(335,292,32,'2024-11-18'),(336,392,32,'2024-06-29'),(337,472,32,'2024-08-02'),(338,552,32,'2024-04-13'),(339,33,33,'2024-02-29'),(340,73,33,'2024-09-18'),(341,113,33,'2024-05-16'),(342,153,33,'2024-07-24'),(343,193,33,'2024-03-10'),(344,293,33,'2024-11-09'),(345,393,33,'2024-06-12'),(346,473,33,'2024-08-27'),(347,553,33,'2024-04-17'),(348,34,34,'2024-02-19'),(349,74,34,'2024-09-10'),(350,114,34,'2024-05-20'),(351,154,34,'2024-07-15'),(352,194,34,'2024-03-12'),(353,294,34,'2024-11-20'),(354,394,34,'2024-06-15'),(355,474,34,'2024-08-26'),(356,554,34,'2024-04-30'),(357,35,35,'2024-02-24'),(358,75,35,'2024-09-12'),(359,115,35,'2024-05-18'),(360,155,35,'2024-07-29'),(361,195,35,'2024-03-21'),(362,295,35,'2024-11-28'),(363,395,35,'2024-06-20'),(364,475,35,'2024-08-19'),(365,555,35,'2024-04-26'),(366,36,36,'2024-02-15'),(367,76,36,'2024-09-20'),(368,116,36,'2024-05-28'),(369,156,36,'2024-07-10'),(370,196,36,'2024-03-19'),(371,296,36,'2024-11-15'),(372,396,36,'2024-06-10'),(373,476,36,'2024-08-28'),(374,556,36,'2024-04-19'),(375,37,37,'2024-02-18'),(376,77,37,'2024-09-09'),(377,117,37,'2024-05-12'),(378,157,37,'2024-07-17'),(379,197,37,'2024-03-24'),(380,297,37,'2024-11-25'),(381,397,37,'2024-06-22'),(382,477,37,'2024-08-29'),(383,557,37,'2024-04-28'),(384,38,38,'2024-02-28'),(385,78,38,'2024-09-15'),(386,118,38,'2024-05-25'),(387,158,38,'2024-07-26'),(388,198,38,'2024-03-20'),(389,298,38,'2024-11-22'),(390,398,38,'2024-06-08'),(391,478,38,'2024-08-21'),(392,558,38,'2024-04-12'),(393,39,39,'2024-02-21'),(394,79,39,'2024-09-19'),(395,119,39,'2024-05-29'),(396,159,39,'2024-07-11'),(397,199,39,'2024-03-23'),(398,299,39,'2024-11-30'),(399,399,39,'2024-06-17'),(400,479,39,'2024-08-18'),(401,559,39,'2024-04-22'),(402,40,40,'2024-02-23'),(403,80,40,'2024-09-21'),(404,120,40,'2024-05-27'),(405,160,40,'2024-07-22'),(406,200,40,'2024-03-29'),(407,300,40,'2024-11-27'),(408,400,40,'2024-06-26'),(409,480,40,'2024-08-17'),(410,560,40,'2024-04-14'),(411,201,41,'2024-03-12'),(412,301,41,'2024-06-15'),(413,401,41,'2024-09-18'),(414,481,41,'2024-11-08'),(415,561,41,'2024-01-25'),(416,202,42,'2024-03-19'),(417,302,42,'2024-06-21'),(418,402,42,'2024-09-09'),(419,482,42,'2024-11-27'),(420,562,42,'2024-01-31'),(421,203,43,'2024-03-21'),(422,303,43,'2024-06-28'),(423,403,43,'2024-09-10'),(424,483,43,'2024-12-01'),(425,563,43,'2024-02-03'),(426,204,44,'2024-04-01'),(427,304,44,'2024-07-12'),(428,404,44,'2024-09-25'),(429,484,44,'2024-12-10'),(430,564,44,'2024-02-19'),(431,205,45,'2024-03-28'),(432,305,45,'2024-07-05'),(433,405,45,'2024-09-17'),(434,485,45,'2024-11-15'),(435,565,45,'2024-01-20'),(436,206,46,'2024-03-26'),(437,306,46,'2024-06-25'),(438,406,46,'2024-09-14'),(439,486,46,'2024-12-07'),(440,566,46,'2024-02-18'),(441,207,47,'2024-03-11'),(442,307,47,'2024-06-17'),(443,407,47,'2024-09-11'),(444,487,47,'2024-12-03'),(445,567,47,'2024-02-24'),(446,208,48,'2024-03-24'),(447,308,48,'2024-06-19'),(448,408,48,'2024-09-13'),(449,488,48,'2024-11-17'),(450,568,48,'2024-02-22'),(451,209,49,'2024-03-23'),(452,309,49,'2024-06-26'),(453,409,49,'2024-09-22'),(454,489,49,'2024-11-20'),(455,569,49,'2024-02-21'),(456,210,50,'2024-03-29'),(457,310,50,'2024-06-30'),(458,410,50,'2024-09-28'),(459,490,50,'2024-11-22'),(460,570,50,'2024-02-25'),(461,211,51,'2024-04-08'),(462,311,51,'2024-07-09'),(463,411,51,'2024-09-16'),(464,491,51,'2024-11-27'),(465,212,52,'2024-04-15'),(466,312,52,'2024-07-19'),(467,412,52,'2024-09-18'),(468,492,52,'2024-12-06'),(469,213,53,'2024-04-14'),(470,313,53,'2024-07-20'),(471,413,53,'2024-09-19'),(472,493,53,'2024-12-08'),(473,214,54,'2024-04-19'),(474,314,54,'2024-07-22'),(475,414,54,'2024-09-15'),(476,494,54,'2024-12-12'),(477,215,55,'2024-03-18'),(478,315,55,'2024-06-24'),(479,415,55,'2024-09-12'),(480,495,55,'2024-11-25'),(481,216,56,'2024-03-27'),(482,316,56,'2024-06-20'),(483,416,56,'2024-09-08'),(484,496,56,'2024-11-18'),(485,217,57,'2024-03-25'),(486,317,57,'2024-06-16'),(487,417,57,'2024-09-09'),(488,497,57,'2024-11-24'),(489,218,58,'2024-03-31'),(490,318,58,'2024-06-12'),(491,418,58,'2024-09-15'),(492,498,58,'2024-11-16'),(493,219,59,'2024-04-02'),(494,319,59,'2024-06-28'),(495,419,59,'2024-09-23'),(496,499,59,'2024-11-26'),(497,220,60,'2024-04-04'),(498,320,60,'2024-06-29'),(499,420,60,'2024-09-30'),(500,500,60,'2024-12-01'),(501,221,61,'2024-04-10'),(502,321,61,'2024-07-05'),(503,501,61,'2024-09-11'),(504,222,62,'2024-04-13'),(505,322,62,'2024-07-16'),(506,502,62,'2024-09-19'),(507,223,63,'2024-04-16'),(508,323,63,'2024-07-21'),(509,503,63,'2024-09-22'),(510,224,64,'2024-04-18'),(511,324,64,'2024-07-25'),(512,504,64,'2024-09-29'),(513,225,65,'2024-04-20'),(514,325,65,'2024-07-26'),(515,505,65,'2024-10-02'),(516,226,66,'2024-04-22'),(517,326,66,'2024-07-29'),(518,506,66,'2024-10-05'),(519,227,67,'2024-04-24'),(520,327,67,'2024-08-01'),(521,507,67,'2024-10-09'),(522,228,68,'2024-04-25'),(523,328,68,'2024-08-02'),(524,508,68,'2024-10-12'),(525,229,69,'2024-04-26'),(526,329,69,'2024-08-06'),(527,509,69,'2024-10-14'),(528,230,70,'2024-04-28'),(529,330,70,'2024-08-08'),(530,510,70,'2024-10-17'),(531,231,71,'2024-05-01'),(532,331,71,'2024-08-11'),(533,511,71,'2024-10-20'),(534,232,72,'2024-05-02'),(535,332,72,'2024-08-13'),(536,512,72,'2024-10-25'),(537,233,73,'2024-05-05'),(538,333,73,'2024-08-14'),(539,513,73,'2024-10-29'),(540,234,74,'2024-05-07'),(541,334,74,'2024-08-15'),(542,514,74,'2024-11-01'),(543,235,75,'2024-05-09'),(544,335,75,'2024-08-17'),(545,515,75,'2024-11-05'),(546,236,76,'2024-05-12'),(547,336,76,'2024-08-18'),(548,516,76,'2024-11-08'),(549,237,77,'2024-05-15'),(550,337,77,'2024-08-20'),(551,517,77,'2024-11-12'),(552,238,78,'2024-05-17'),(553,338,78,'2024-08-21'),(554,518,78,'2024-11-15'),(555,239,79,'2024-05-19'),(556,339,79,'2024-08-23'),(557,519,79,'2024-11-20'),(558,240,80,'2024-05-21'),(559,340,80,'2024-08-24'),(560,520,80,'2024-11-25'),(561,241,81,'2024-05-23'),(562,341,81,'2024-08-25'),(563,521,81,'2024-11-27'),(564,242,82,'2024-05-24'),(565,342,82,'2024-08-27'),(566,522,82,'2024-11-29'),(567,243,83,'2024-05-25'),(568,343,83,'2024-08-29'),(569,523,83,'2024-12-01'),(570,244,84,'2024-05-27'),(571,344,84,'2024-08-30'),(572,524,84,'2024-12-03'),(573,245,85,'2024-05-29'),(574,345,85,'2024-08-31'),(575,525,85,'2024-12-05'),(576,246,86,'2024-05-30'),(577,346,86,'2024-09-02'),(578,526,86,'2024-12-07'),(579,247,87,'2024-06-01'),(580,347,87,'2024-09-03'),(581,527,87,'2024-12-10'),(582,248,88,'2024-06-03'),(583,348,88,'2024-09-05'),(584,528,88,'2024-12-13'),(585,249,89,'2024-06-05'),(586,349,89,'2024-09-06'),(587,529,89,'2024-12-16'),(588,250,90,'2024-06-06'),(589,350,90,'2024-09-08'),(590,530,90,'2024-12-18'),(591,251,91,'2024-06-08'),(592,351,91,'2024-09-09'),(593,531,91,'2024-12-21'),(594,252,92,'2024-06-09'),(595,352,92,'2024-09-11'),(596,532,92,'2024-12-23'),(597,253,93,'2024-06-11'),(598,353,93,'2024-09-13'),(599,533,93,'2024-12-26'),(600,254,94,'2024-06-13'),(601,354,94,'2024-09-14'),(602,534,94,'2024-12-28'),(603,255,95,'2024-06-14'),(604,355,95,'2024-09-16'),(605,535,95,'2024-12-30'),(606,256,96,'2024-06-16'),(607,356,96,'2024-09-18'),(608,536,96,'2024-12-31'),(609,257,97,'2024-06-17'),(610,357,97,'2024-09-20'),(611,537,97,'2025-01-02'),(612,258,98,'2024-06-19'),(613,358,98,'2024-09-22'),(614,538,98,'2025-01-04'),(615,259,99,'2024-06-20'),(616,359,99,'2024-09-23'),(617,539,99,'2025-01-06'),(618,260,100,'2024-06-22'),(619,360,100,'2024-09-25');
/*!40000 ALTER TABLE `appointments` ENABLE KEYS */;
UNLOCK TABLES;

--
-- Table structure for table `diseases`
--

DROP TABLE IF EXISTS `diseases`;
/*!40101 SET @saved_cs_client     = @@character_set_client */;
/*!50503 SET character_set_client = utf8mb4 */;
CREATE TABLE `diseases` (
  `ID` int unsigned NOT NULL AUTO_INCREMENT,
  `Disease_Name` varchar(255) NOT NULL,
  `Medication_ID` int unsigned NOT NULL,
  `Specialist_Doctor` int unsigned NOT NULL,
  PRIMARY KEY (`ID`),
  KEY `Medication_ID` (`Medication_ID`),
  KEY `Specialist_Doctor` (`Specialist_Doctor`),
  CONSTRAINT `diseases_ibfk_1` FOREIGN KEY (`Medication_ID`) REFERENCES `medications` (`ID`),
  CONSTRAINT `diseases_ibfk_2` FOREIGN KEY (`Specialist_Doctor`) REFERENCES `doctors` (`ID`)
) ENGINE=InnoDB AUTO_INCREMENT=31 DEFAULT CHARSET=utf8mb4 COLLATE=utf8mb4_0900_ai_ci;
/*!40101 SET character_set_client = @saved_cs_client */;

--
-- Dumping data for table `diseases`
--

LOCK TABLES `diseases` WRITE;
/*!40000 ALTER TABLE `diseases` DISABLE KEYS */;
INSERT INTO `diseases` VALUES (1,'Migraine',1,25),(2,'Arthritis',2,40),(3,'Heart Disease',3,60),(4,'Severe Pain',4,15),(5,'Respiratory Infection',5,80),(6,'Acid Reflux',6,22),(7,'High Cholesterol',7,50),(8,'Type 2 Diabetes',8,12),(9,'High Blood Pressure',9,34),(10,'Kidney Disease',10,78),(11,'Stomach Ulcers',11,44),(12,'Hyperlipidemia',12,18),(13,'Hypothyroidism',13,95),(14,'Depression',14,20),(15,'Anxiety',15,55),(16,'Panic Disorder',16,32),(17,'Hypertension',17,65),(18,'Heart Failure',18,70),(19,'Type 1 Diabetes',19,5),(20,'Edema',20,10),(21,'Inflammation',21,25),(22,'Stomach Acidity',22,46),(23,'Adrenal Insufficiency',23,72),(24,'Chronic Pain',24,88),(25,'Neuropathic Pain',25,63),(26,'Muscle Spasms',26,39),(27,'Bacterial Infection',27,17),(28,'Lyme Disease',28,50),(29,'Asthma',29,45),(30,'Chronic Obstructive Pulmonary Disease (COPD)',30,30);
/*!40000 ALTER TABLE `diseases` ENABLE KEYS */;
UNLOCK TABLES;

--
-- Table structure for table `doctors`
--

DROP TABLE IF EXISTS `doctors`;
/*!40101 SET @saved_cs_client     = @@character_set_client */;
/*!50503 SET character_set_client = utf8mb4 */;
CREATE TABLE `doctors` (
  `ID` int unsigned NOT NULL AUTO_INCREMENT,
  `Doctor_Name` varchar(255) NOT NULL,
  `Hospital_ID` int unsigned NOT NULL,
  PRIMARY KEY (`ID`),
  KEY `Hospital_ID` (`Hospital_ID`),
  CONSTRAINT `doctors_ibfk_1` FOREIGN KEY (`Hospital_ID`) REFERENCES `hospitals` (`ID`)
) ENGINE=InnoDB AUTO_INCREMENT=101 DEFAULT CHARSET=utf8mb4 COLLATE=utf8mb4_0900_ai_ci;
/*!40101 SET character_set_client = @saved_cs_client */;

--
-- Dumping data for table `doctors`
--

LOCK TABLES `doctors` WRITE;
/*!40000 ALTER TABLE `doctors` DISABLE KEYS */;
INSERT INTO `doctors` VALUES (1,'Dr. John Smith',1),(2,'Dr. Emily Johnson',2),(3,'Dr. Robert Williams',3),(4,'Dr. Susan Brown',4),(5,'Dr. Michael Jones',5),(6,'Dr. Sarah Miller',6),(7,'Dr. David Davis',7),(8,'Dr. Laura Garcia',8),(9,'Dr. Thomas Rodriguez',9),(10,'Dr. Karen Martinez',10),(11,'Dr. Daniel Hernandez',11),(12,'Dr. Rachel Lopez',12),(13,'Dr. Peter Gonzalez',13),(14,'Dr. Jessica Wilson',14),(15,'Dr. Christopher Anderson',15),(16,'Dr. Kimberly Thomas',16),(17,'Dr. Andrew Taylor',17),(18,'Dr. Elizabeth Moore',18),(19,'Dr. Matthew Jackson',19),(20,'Dr. Patricia Martin',20),(21,'Dr. James Lee',21),(22,'Dr. Jennifer Perez',22),(23,'Dr. Paul Thompson',23),(24,'Dr. Linda White',24),(25,'Dr. Mark Harris',25),(26,'Dr. Barbara Sanchez',26),(27,'Dr. George Clark',27),(28,'Dr. Maria Ramirez',28),(29,'Dr. Charles Lewis',29),(30,'Dr. Nancy Robinson',30),(31,'Dr. Steven Walker',31),(32,'Dr. Sandra Young',32),(33,'Dr. Joseph Allen',33),(34,'Dr. Sharon King',34),(35,'Dr. Brian Wright',35),(36,'Dr. Deborah Scott',36),(37,'Dr. Edward Torres',37),(38,'Dr. Carol Nguyen',38),(39,'Dr. Kevin Hill',39),(40,'Dr. Ruth Flores',40),(41,'Dr. Jason Green',1),(42,'Dr. Diane Adams',2),(43,'Dr. Patrick Rivera',3),(44,'Dr. Rebecca Campbell',4),(45,'Dr. Scott Mitchell',5),(46,'Dr. Laura Carter',6),(47,'Dr. Justin Roberts',7),(48,'Dr. Shirley Gomez',8),(49,'Dr. Joshua Phillips',9),(50,'Dr. Pamela Evans',10),(51,'Dr. Jonathan Turner',11),(52,'Dr. Catherine Diaz',12),(53,'Dr. Aaron Parker',13),(54,'Dr. Katherine Cruz',14),(55,'Dr. Nicholas Edwards',15),(56,'Dr. Heather Collins',16),(57,'Dr. Brandon Reyes',17),(58,'Dr. Diana Stewart',18),(59,'Dr. Jacob Morris',19),(60,'Dr. Joan Morales',20),(61,'Dr. Nathan Murphy',21),(62,'Dr. Martha Cook',22),(63,'Dr. Adam Rogers',23),(64,'Dr. Judy Gutierrez',24),(65,'Dr. Kyle Ortiz',25),(66,'Dr. Rose Morgan',26),(67,'Dr. Ethan Cooper',27),(68,'Dr. Beverly Peterson',28),(69,'Dr. Zachary Bailey',29),(70,'Dr. Theresa Reed',30),(71,'Dr. Benjamin Kelly',31),(72,'Dr. Lori Howard',32),(73,'Dr. Gregory Ramos',33),(74,'Dr. Carolyn Kim',34),(75,'Dr. Alexander Cox',35),(76,'Dr. Christine Ward',36),(77,'Dr. Samuel Richardson',37),(78,'Dr. Cheryl Watson',38),(79,'Dr. Austin Brooks',39),(80,'Dr. Megan Chavez',40),(81,'Dr. Henry Wood',1),(82,'Dr. Evelyn James',2),(83,'Dr. Gabriel Bennett',3),(84,'Dr. Marie Gray',4),(85,'Dr. Christian Mendoza',5),(86,'Dr. Julie Ruiz',6),(87,'Dr. Jack Hughes',7),(88,'Dr. Ann Price',8),(89,'Dr. Lucas Alvarez',9),(90,'Dr. Gloria Castillo',10),(91,'Dr. Isaac Sanders',11),(92,'Dr. Bonnie Patel',12),(93,'Dr. Owen Myers',13),(94,'Dr. Ruby Long',14),(95,'Dr. Scott Davis',15),(96,'Dr. Lisa Foster',16),(97,'Dr. Thomas Green',17),(98,'Dr. Emma Cook',18),(99,'Dr. Michael Wright',19),(100,'Dr. Rachel Jenkins',20);
/*!40000 ALTER TABLE `doctors` ENABLE KEYS */;
UNLOCK TABLES;

--
-- Table structure for table `hospitals`
--

DROP TABLE IF EXISTS `hospitals`;
/*!40101 SET @saved_cs_client     = @@character_set_client */;
/*!50503 SET character_set_client = utf8mb4 */;
CREATE TABLE `hospitals` (
  `ID` int unsigned NOT NULL AUTO_INCREMENT,
  `Hospital_Name` varchar(255) NOT NULL,
  `Address` varchar(255) NOT NULL,
  `Bed_Size` int NOT NULL,
  `Type` varchar(50) NOT NULL,
  `Emergency_Services` enum('Yes','No') DEFAULT NULL,
  `Year_of_Accreditation` year DEFAULT NULL,
  PRIMARY KEY (`ID`)
) ENGINE=InnoDB AUTO_INCREMENT=41 DEFAULT CHARSET=utf8mb4 COLLATE=utf8mb4_0900_ai_ci;
/*!40101 SET character_set_client = @saved_cs_client */;

--
-- Dumping data for table `hospitals`
--

LOCK TABLES `hospitals` WRITE;
/*!40000 ALTER TABLE `hospitals` DISABLE KEYS */;
INSERT INTO `hospitals` VALUES (1,'Royal London Hospital','Whitechapel Rd, London E1 1BB',720,'General','Yes',2015),(2,'Manchester Royal Infirmary','Oxford Rd, Manchester M13 9WL',750,'Teaching','Yes',2016),(3,'St. Thomas\' Hospital','Westminster Bridge Rd, London SE1 7EH',840,'General','No',2014),(4,'Birmingham City Hospital','Dudley Rd, Birmingham B18 7QH',580,'General','Yes',2013),(5,'Addenbrooke\'s Hospital','Hills Rd, Cambridge CB2 0QQ',1000,'Teaching','Yes',2017),(6,'Great Ormond Street Hospital','Great Ormond St, London WC1N 3JH',389,'Children\'s','No',2016),(7,'University Hospital Southampton','Tremona Rd, Southampton SO16 6YD',1100,'Teaching','Yes',2018),(8,'Royal Victoria Infirmary','Queen Victoria Rd, Newcastle NE1 4LP',580,'General','Yes',2015),(9,'Queen Elizabeth Hospital','Mindelsohn Way, Birmingham B15 2GW',1200,'General','Yes',2017),(10,'Norfolk and Norwich Hospital','Colney Ln, Norwich NR4 7UY',1000,'General','No',2014),(11,'Leeds General Infirmary','Great George St, Leeds LS1 3EX',850,'General','Yes',2019),(12,'Guy\'s Hospital','Great Maze Pond, London SE1 9RT',400,'Specialist','No',2016),(13,'Charing Cross Hospital','Fulham Palace Rd, London W6 8RF',511,'Teaching','Yes',2017),(14,'John Radcliffe Hospital','Headley Way, Oxford OX3 9DU',950,'Teaching','Yes',2013),(15,'King\'s College Hospital','Denmark Hill, London SE5 9RS',1200,'Teaching','No',2015),(16,'Hull Royal Infirmary','Anlaby Rd, Hull HU3 2JZ',650,'General','Yes',2018),(17,'Bristol Royal Infirmary','Upper Maudlin St, Bristol BS2 8HW',677,'General','No',2016),(18,'Western General Hospital','Crewe Rd S, Edinburgh EH4 2XU',600,'General','Yes',2019),(19,'Ninewells Hospital','Dundee DD2 1SY',900,'Teaching','Yes',2017),(20,'Queen\'s Medical Centre','Derby Rd, Nottingham NG7 2UH',1300,'Teaching','Yes',2014),(21,'Royal Free Hospital','Pond St, London NW3 2QG',500,'General','No',2016),(22,'Freeman Hospital','Freeman Rd, Newcastle NE7 7DN',800,'Specialist','Yes',2013),(23,'Glasgow Royal Infirmary','Castle St, Glasgow G4 0SF',1000,'General','Yes',2018),(24,'Royal Sussex County Hospital','Eastern Rd, Brighton BN2 5BE',600,'General','No',2019),(25,'St. George\'s Hospital','Blackshaw Rd, London SW17 0QT',1300,'Teaching','Yes',2015),(26,'Wythenshawe Hospital','Southmoor Rd, Manchester M23 9LT',900,'Teaching','Yes',2017),(27,'Morriston Hospital','Heol Maes Eglwys, Swansea SA6 6NL',750,'General','No',2014),(28,'Derriford Hospital','Derriford Rd, Plymouth PL6 8DH',1000,'General','Yes',2016),(29,'Royal Blackburn Hospital','Haslingden Rd, Blackburn BB2 3HH',700,'General','No',2015),(30,'Stoke Mandeville Hospital','Mandeville Rd, Aylesbury HP21 8AL',550,'Specialist','Yes',2013),(31,'James Cook University Hospital','Marton Rd, Middlesbrough TS4 3BW',1000,'Teaching','Yes',2019),(32,'Aberdeen Royal Infirmary','Foresterhill, Aberdeen AB25 2ZN',900,'General','Yes',2018),(33,'Queen Elizabeth University Hosp','Govan Rd, Glasgow G51 4TF',1700,'Teaching','Yes',2017),(34,'York Hospital','Wigginton Rd, York YO31 8HE',700,'General','No',2016),(35,'Royal Derby Hospital','Uttoxeter Rd, Derby DE22 3NE',1200,'General','Yes',2015),(36,'Milton Keynes University Hosp','Standing Way, Milton Keynes MK6 5LD',500,'General','Yes',2019),(37,'Southmead Hospital','Southmead Rd, Bristol BS10 5NB',1000,'General','Yes',2018),(38,'Princess Royal Hospital','Lewes Rd, Haywards Heath RH16 4EX',550,'General','No',2014),(39,'Northern General Hospital','Herries Rd, Sheffield S5 7AU',980,'General','Yes',2016),(40,'Royal Cornwall Hospital','Treliske, Truro TR1 3LJ',720,'Teaching','No',2018);
/*!40000 ALTER TABLE `hospitals` ENABLE KEYS */;
UNLOCK TABLES;

--
-- Table structure for table `lab_results`
--

DROP TABLE IF EXISTS `lab_results`;
/*!40101 SET @saved_cs_client     = @@character_set_client */;
/*!50503 SET character_set_client = utf8mb4 */;
CREATE TABLE `lab_results` (
  `ID` int unsigned NOT NULL AUTO_INCREMENT,
  `Patient_ID` int unsigned NOT NULL,
  `Doctor_ID` int unsigned NOT NULL,
  `Test_Type` varchar(255) DEFAULT NULL,
  `Test_Result` varchar(255) DEFAULT NULL,
  PRIMARY KEY (`ID`),
  KEY `Patient_ID` (`Patient_ID`),
  KEY `Doctor_ID` (`Doctor_ID`),
  CONSTRAINT `lab_results_ibfk_1` FOREIGN KEY (`Patient_ID`) REFERENCES `patients` (`ID`),
  CONSTRAINT `lab_results_ibfk_2` FOREIGN KEY (`Doctor_ID`) REFERENCES `doctors` (`ID`)
) ENGINE=InnoDB AUTO_INCREMENT=1024 DEFAULT CHARSET=utf8mb4 COLLATE=utf8mb4_0900_ai_ci;
/*!40101 SET character_set_client = @saved_cs_client */;

--
-- Dumping data for table `lab_results`
--

LOCK TABLES `lab_results` WRITE;
/*!40000 ALTER TABLE `lab_results` DISABLE KEYS */;
INSERT INTO `lab_results` VALUES (1,1,1,NULL,NULL),(2,41,1,NULL,NULL),(3,81,1,'CT Scan','Normal'),(4,121,1,NULL,NULL),(5,161,1,NULL,NULL),(6,261,1,NULL,NULL),(7,361,1,'Peak Flow Test','Normal'),(8,421,1,'Mental Health Assessment','Mild Anxiety'),(9,441,1,NULL,NULL),(10,521,1,'Kidney Function Test','Normal'),(11,571,1,NULL,NULL),(12,2,2,NULL,NULL),(13,42,2,'Autoantibody Test','Autoantibodies Detected'),(14,82,2,'Chest X-ray','Normal'),(15,122,2,NULL,NULL),(16,162,2,NULL,NULL),(17,262,2,'Neurological Exam','Signs of Inflammation'),(18,362,2,'Pain Assessment','Moderate'),(19,422,2,NULL,NULL),(20,442,2,'TSH Test','Elevated TSH'),(21,522,2,NULL,NULL),(22,572,2,'Echocardiogram','Elevated BNP'),(23,3,3,'Lipid Panel','High LDL'),(24,43,3,'Upper Endoscopy','Normal'),(25,83,3,NULL,NULL),(26,123,3,'Physical Exam','Normal'),(27,163,3,'HbA1c','Elevated HbA1c'),(28,263,3,'ESR Test','Elevated CRP'),(29,363,3,'Complete Blood Count (CBC)','Normal'),(30,423,3,'Blood Urea Nitrogen (BUN)','High Creatinine'),(31,443,3,NULL,NULL),(32,523,3,'Endoscopy','Ulcer Present'),(33,573,3,'Peak Flow Test','Normal'),(34,4,4,'Upper Endoscopy','Normal'),(35,44,4,'Chest X-ray','Normal'),(36,84,4,'Peak Flow Test','Normal'),(37,124,4,'Chest X-ray','Normal'),(38,164,4,'Physical Exam','Normal'),(39,264,4,'HbA1c','Normal'),(40,364,4,'Neurological Exam','Migraine Indications'),(41,424,4,'Peak Flow Test','Normal'),(42,444,4,NULL,NULL),(43,524,4,NULL,NULL),(44,574,4,'ECG','Normal Function'),(45,5,5,NULL,NULL),(46,45,5,'Blood Culture','Signs of Infection'),(47,85,5,'Spirometry','Obstruction Detected'),(48,125,5,'Chest X-ray','Obstruction Detected'),(49,165,5,'Physical Exam','Fluid Retention'),(50,265,5,NULL,NULL),(51,365,5,NULL,NULL),(52,425,5,NULL,NULL),(53,445,5,NULL,NULL),(54,525,5,NULL,NULL),(55,575,5,'Nerve Conduction Study','Nerve Damage'),(56,6,6,'Blood Sugar Test','Autoantibodies Detected'),(57,46,6,'Autoantibody Test','High Blood Sugar'),(58,86,6,NULL,NULL),(59,126,6,'Chest X-ray','Signs of Infection'),(60,166,6,'Peak Flow Test','Normal'),(61,266,6,'Physical Exam','Normal'),(62,366,6,'Spirometry','Normal'),(63,426,6,'Lipid Panel','Normal'),(64,446,6,NULL,NULL),(65,526,6,'ELISA Test','Negative'),(66,576,6,NULL,NULL),(67,7,7,'Mental Health Assessment','Mild Depression'),(68,47,7,'H. pylori Test','Normal'),(69,87,7,'Joint Ultrasound','Normal'),(70,127,7,'Lipid Panel','Normal Levels'),(71,167,7,'Lipid Panel','Normal'),(72,267,7,'Blood Test','High Rheumatoid Factor'),(73,367,7,'Chest X-ray','Obstruction Detected'),(74,427,7,'Echocardiogram','Reduced Ejection Fraction'),(75,447,7,NULL,NULL),(76,527,7,'Upper Endoscopy','Normal'),(77,577,7,NULL,NULL),(78,8,8,'Blood Culture','Normal'),(79,48,8,NULL,NULL),(80,88,8,NULL,NULL),(81,128,8,NULL,NULL),(82,168,8,NULL,NULL),(83,268,8,NULL,NULL),(84,368,8,NULL,NULL),(85,428,8,NULL,NULL),(86,448,8,'Joint Ultrasound','Normal'),(87,528,8,NULL,NULL),(88,578,8,NULL,NULL),(89,9,9,NULL,NULL),(90,49,9,'Pain Assessment','Localized Pain'),(91,89,9,'Blood Sugar Test','Elevated HbA1c'),(92,129,9,'Lipid Panel','High Cholesterol'),(93,169,9,'Physical Exam','Normal'),(94,269,9,NULL,NULL),(95,369,9,NULL,NULL),(96,429,9,'Lipid Panel','High Cholesterol'),(97,449,9,NULL,NULL),(98,529,9,'Mental Health Assessment','Mild Depression'),(99,579,9,'MRI','Moderate'),(100,10,10,NULL,NULL),(101,50,10,'Kidney Function Test','Fluid Retention'),(102,90,10,'Blood Sugar Test','Elevated HbA1c'),(103,130,10,NULL,NULL),(104,170,10,'pH Monitoring','Normal'),(105,270,10,'MRI','Mild'),(106,370,10,NULL,NULL),(107,430,10,NULL,NULL),(108,450,10,'Urinalysis','Abnormal Protein Levels'),(109,530,10,NULL,NULL),(110,580,10,'Western Blot','Positive'),(111,11,11,NULL,NULL),(112,51,11,'Mental Health Assessment','Moderate Anxiety'),(113,91,11,'ESR Test','Elevated ESR'),(114,131,11,'Blood Urea Nitrogen (BUN)','High Creatinine'),(115,171,11,'Stress Test','Normal Function'),(116,271,11,'Blood Sugar Test','High Blood Sugar'),(117,371,11,NULL,NULL),(118,431,11,NULL,NULL),(119,451,11,'Echocardiogram','Valve Dysfunction'),(120,531,11,NULL,NULL),(121,581,11,'Blood Pressure Test','Elevated Pressure'),(122,12,12,NULL,NULL),(123,52,12,'Echocardiogram','Reduced Ejection Fraction'),(124,92,12,'Echocardiogram','Reduced Ejection Fraction'),(125,132,12,'Mental Health Assessment','Signs of Depression'),(126,172,12,'Electromyography (EMG)','Abnormal Activity'),(127,272,12,NULL,NULL),(128,372,12,'Physical Exam','Panic Symptoms'),(129,432,12,NULL,NULL),(130,452,12,'Upper Endoscopy','Normal'),(131,532,12,NULL,NULL),(132,582,12,'Spirometry','Obstruction Detected'),(133,13,13,'Mental Health Assessment','Normal'),(134,53,13,'Blood Sugar Test','Autoantibodies Detected'),(135,93,13,'Blood Pressure Test','Elevated Pressure'),(136,133,13,'Electrolyte Panel','Elevated Pressure'),(137,173,13,'Lipid Panel','High Cholesterol'),(138,273,13,NULL,NULL),(139,373,13,'Kidney Function Test','Normal'),(140,433,13,'Peak Flow Test','Normal'),(141,453,13,'pH Monitoring','Esophagitis'),(142,533,13,NULL,NULL),(143,583,13,NULL,NULL),(144,14,14,'Cortisol Test','Low Cortisol'),(145,54,14,'C-Reactive Protein (CRP) Test','Elevated ESR'),(146,94,14,NULL,NULL),(147,134,14,NULL,NULL),(148,174,14,NULL,NULL),(149,274,14,'Blood Pressure Test','Elevated Pressure'),(150,374,14,'Upper Endoscopy','High Acidity'),(151,434,14,NULL,NULL),(152,454,14,NULL,NULL),(153,534,14,NULL,NULL),(154,584,14,NULL,NULL),(155,15,15,'Physical Exam','Normal'),(156,55,15,'TSH Test','Elevated TSH'),(157,95,15,'Mental Health Assessment','Severe Depression'),(158,135,15,NULL,NULL),(159,175,15,'MRI','Localized Pain'),(160,275,15,NULL,NULL),(161,375,15,'Blood Pressure Test','Normal'),(162,435,15,'MRI','Normal'),(163,455,15,NULL,NULL),(164,535,15,NULL,NULL),(165,585,15,'Blood Culture','Normal'),(166,16,16,NULL,NULL),(167,56,16,NULL,NULL),(168,96,16,'Blood Sugar Test','Autoantibodies Detected'),(169,136,16,'Electromyography (EMG)','Normal'),(170,176,16,'MRI','Signs of Inflammation'),(171,276,16,NULL,NULL),(172,376,16,NULL,NULL),(173,436,16,NULL,NULL),(174,456,16,NULL,NULL),(175,536,16,'Electrolyte Panel','Normal'),(176,586,16,'Upper Endoscopy','Esophagitis'),(177,17,17,NULL,NULL),(178,57,17,NULL,NULL),(179,97,17,'TSH Test','Elevated TSH'),(180,137,17,'Blood Pressure Test','Normal'),(181,177,17,'Mental Health Assessment','Severe Anxiety'),(182,277,17,'Physical Exam','Panic Symptoms'),(183,377,17,'MRI','Normal'),(184,437,17,NULL,NULL),(185,457,17,'Complete Blood Count (CBC)','Infection Detected'),(186,537,17,'Endoscopy','Ulcer Present'),(187,587,17,NULL,NULL),(188,18,18,'Western Blot','Positive'),(189,58,18,NULL,NULL),(190,98,18,'Chest X-ray','Obstruction Detected'),(191,138,18,NULL,NULL),(192,178,18,'ECG','Abnormal Rhythm'),(193,278,18,'CT Scan','Migraine Indications'),(194,378,18,'pH Monitoring','Normal'),(195,438,18,'Mental Health Assessment','Signs of Depression'),(196,458,18,'Lipid Panel','High Triglycerides'),(197,538,18,'Mental Health Assessment','Panic Symptoms'),(198,588,18,'Physical Exam','Normal'),(199,19,19,NULL,NULL),(200,59,19,'Neurological Exam','Migraine Indications'),(201,99,19,'Lipid Panel','High LDL'),(202,139,19,NULL,NULL),(203,179,19,NULL,NULL),(204,279,19,'Echocardiogram','Normal Function'),(205,379,19,NULL,NULL),(206,439,19,'TSH Test','Low T3/T4'),(207,459,19,'MRI','Nerve Damage'),(208,539,19,'X-ray','Joint Inflammation'),(209,589,19,NULL,NULL),(210,20,20,NULL,NULL),(211,60,20,'Urinalysis','High Creatinine'),(212,100,20,NULL,NULL),(213,140,20,NULL,NULL),(214,180,20,'Mental Health Assessment','Mild Depression'),(215,280,20,NULL,NULL),(216,380,20,'Electrolyte Panel','Normal'),(217,440,20,NULL,NULL),(218,460,20,'Mental Health Assessment','Mild Depression'),(219,540,20,'pH Monitoring','Normal'),(220,590,20,'C-Reactive Protein (CRP) Test','Elevated ESR'),(221,21,21,'Urinalysis','High Creatinine'),(222,61,21,NULL,NULL),(223,101,21,NULL,NULL),(224,141,21,NULL,NULL),(225,181,21,'Mental Health Assessment','Severe Depression'),(226,281,21,NULL,NULL),(227,381,21,'Electromyography (EMG)','Normal'),(228,461,21,NULL,NULL),(229,541,21,'Electromyography (EMG)','Normal'),(230,591,21,'Pain Assessment','Severe'),(231,22,22,'CT Scan','Signs of Inflammation'),(232,62,22,'T3/T4 Test','Low T3/T4'),(233,102,22,'MRI','Moderate'),(234,142,22,NULL,NULL),(235,182,22,'Mental Health Assessment','Normal'),(236,282,22,NULL,NULL),(237,382,22,'MRI','Moderate'),(238,462,22,NULL,NULL),(239,542,22,NULL,NULL),(240,592,22,'Electrolyte Panel','Normal'),(241,23,23,'Joint Ultrasound','High Rheumatoid Factor'),(242,63,23,'Upper Endoscopy','Normal'),(243,103,23,'Mental Health Assessment','Mild Depression'),(244,143,23,'Autoantibody Test','Autoantibodies Detected'),(245,183,23,'Peak Flow Test','Reduced Lung Function'),(246,283,23,'Lipid Panel','Normal'),(247,383,23,'Western Blot','Positive'),(248,463,23,'BNP Blood Test','Reduced Ejection Fraction'),(249,543,23,'C-Reactive Protein (CRP) Test','Elevated CRP'),(250,593,23,NULL,NULL),(251,24,24,'MRI','Signs of Inflammation'),(252,64,24,NULL,NULL),(253,104,24,NULL,NULL),(254,144,24,'Pain Assessment','Moderate'),(255,184,24,'Peak Flow Test','Reduced Lung Function'),(256,284,24,'Blood Test','Normal'),(257,384,24,NULL,NULL),(258,464,24,'MRI','Normal'),(259,544,24,'Spirometry','Normal'),(260,594,24,NULL,NULL),(261,25,25,NULL,NULL),(262,65,25,'Lipid Panel','Normal Levels'),(263,105,25,'Kidney Function Test','Normal'),(264,145,25,'Upper Endoscopy','Esophagitis'),(265,185,25,'Upper Endoscopy','Normal'),(266,285,25,NULL,NULL),(267,385,25,NULL,NULL),(268,465,25,'Blood Sugar Test','High Blood Sugar'),(269,545,25,'Pain Assessment','Severe'),(270,595,25,'T3/T4 Test','Elevated TSH'),(271,26,26,'Electrolyte Panel','Elevated Pressure'),(272,66,26,NULL,NULL),(273,106,26,NULL,NULL),(274,146,26,NULL,NULL),(275,186,26,NULL,NULL),(276,286,26,NULL,NULL),(277,386,26,NULL,NULL),(278,466,26,NULL,NULL),(279,546,26,'Chest X-ray','Signs of Infection'),(280,596,26,NULL,NULL),(281,27,27,'MRI','Severe'),(282,67,27,'Physical Exam','Fluid Retention'),(283,107,27,'C-Reactive Protein (CRP) Test','Normal'),(284,147,27,NULL,NULL),(285,187,27,NULL,NULL),(286,287,27,NULL,NULL),(287,387,27,NULL,NULL),(288,467,27,NULL,NULL),(289,547,27,'Cortisol Test','Low Cortisol'),(290,597,27,'Blood Culture','Normal'),(291,28,28,NULL,NULL),(292,68,28,NULL,NULL),(293,108,28,NULL,NULL),(294,148,28,'pH Monitoring','Normal'),(295,188,28,NULL,NULL),(296,288,28,'Stress Test','Normal Function'),(297,388,28,'Blood Sugar Test','Normal'),(298,468,28,NULL,NULL),(299,548,28,'Blood Pressure Test','Elevated Pressure'),(300,598,28,NULL,NULL),(301,29,29,NULL,NULL),(302,69,29,'MRI','Nerve Damage'),(303,109,29,'MRI','Severe'),(304,149,29,NULL,NULL),(305,189,29,NULL,NULL),(306,289,29,'Blood Sugar Test','Elevated HbA1c'),(307,389,29,'Physical Exam','Normal'),(308,469,29,'Blood Pressure Test','Normal'),(309,549,29,'X-ray','Joint Inflammation'),(310,599,29,NULL,NULL),(311,30,30,NULL,NULL),(312,70,30,NULL,NULL),(313,110,30,'Peak Flow Test','Normal'),(314,150,30,NULL,NULL),(315,190,30,'Electrolyte Panel','Normal'),(316,290,30,'Upper Endoscopy','Normal'),(317,390,30,'Electrolyte Panel','Normal'),(318,470,30,NULL,NULL),(319,550,30,'MRI','Mild'),(320,600,30,'MRI','Localized Pain'),(321,31,31,'ELISA Test','Positive'),(322,71,31,NULL,NULL),(323,111,31,'Chest X-ray','Obstruction Detected'),(324,151,31,'Western Blot','Negative'),(325,191,31,NULL,NULL),(326,291,31,'Peak Flow Test','Normal'),(327,391,31,NULL,NULL),(328,471,31,NULL,NULL),(329,551,31,'Stress Test','Valve Dysfunction'),(330,32,32,'Upper Endoscopy','High Acidity'),(331,72,32,'Electromyography (EMG)','Abnormal Activity'),(332,112,32,'Blood Urea Nitrogen (BUN)','High Creatinine'),(333,152,32,'Mental Health Assessment','Signs of Depression'),(334,192,32,'Urinalysis','High Creatinine'),(335,292,32,NULL,NULL),(336,392,32,'Blood Pressure Test','Elevated Pressure'),(337,472,32,'Upper Endoscopy','Esophagitis'),(338,552,32,'Electrolyte Panel','Normal'),(339,33,33,'ELISA Test','Negative'),(340,73,33,NULL,NULL),(341,113,33,'CT Scan','Signs of Inflammation'),(342,153,33,'C-Reactive Protein (CRP) Test','Elevated CRP'),(343,193,33,NULL,NULL),(344,293,33,'HbA1c','Normal'),(345,393,33,'ELISA Test','Negative'),(346,473,33,'Pain Assessment','Severe'),(347,553,33,'Chest X-ray','Normal'),(348,34,34,'Nerve Conduction Study','Normal'),(349,74,34,NULL,NULL),(350,114,34,'T3/T4 Test','Elevated TSH'),(351,154,34,'MRI','Normal'),(352,194,34,'Chest X-ray','Signs of Infection'),(353,294,34,NULL,NULL),(354,394,34,NULL,NULL),(355,474,34,NULL,NULL),(356,554,34,'Electromyography (EMG)','Normal'),(357,35,35,'pH Monitoring','Normal'),(358,75,35,NULL,NULL),(359,115,35,'Electrolyte Panel','Elevated Pressure'),(360,155,35,NULL,NULL),(361,195,35,NULL,NULL),(362,295,35,'Blood Sugar Test','Autoantibodies Detected'),(363,395,35,NULL,NULL),(364,475,35,NULL,NULL),(365,555,35,NULL,NULL),(366,36,36,'BNP Blood Test','Elevated BNP'),(367,76,36,'Spirometry','Obstruction Detected'),(368,116,36,'T3/T4 Test','Elevated TSH'),(369,156,36,'Electrolyte Panel','Normal'),(370,196,36,'Autoantibody Test','High Blood Sugar'),(371,296,36,'Western Blot','Negative'),(372,396,36,NULL,NULL),(373,476,36,NULL,NULL),(374,556,36,'ACTH Stimulation Test','Low Cortisol'),(375,37,37,NULL,NULL),(376,77,37,NULL,NULL),(377,117,37,'Blood Pressure Test','Elevated Pressure'),(378,157,37,'Mental Health Assessment','Mild Anxiety'),(379,197,37,'ECG','Normal Function'),(380,297,37,NULL,NULL),(381,397,37,'TSH Test','Low T3/T4'),(382,477,37,NULL,NULL),(383,557,37,'Spirometry','Normal'),(384,38,38,NULL,NULL),(385,78,38,'Pain Assessment','Moderate'),(386,118,38,'pH Monitoring','High Acidity'),(387,158,38,NULL,NULL),(388,198,38,NULL,NULL),(389,298,38,NULL,NULL),(390,398,38,NULL,NULL),(391,478,38,NULL,NULL),(392,558,38,'Electrolyte Panel','Elevated Pressure'),(393,39,39,'Mental Health Assessment','Moderate Anxiety'),(394,79,39,NULL,NULL),(395,119,39,NULL,NULL),(396,159,39,NULL,NULL),(397,199,39,NULL,NULL),(398,299,39,'MRI','Moderate'),(399,399,39,NULL,NULL),(400,479,39,NULL,NULL),(401,559,39,'T3/T4 Test','Low T3/T4'),(402,40,40,'Echocardiogram','Elevated BNP'),(403,80,40,'Electromyography (EMG)','Normal'),(404,120,40,NULL,NULL),(405,160,40,'T3/T4 Test','Elevated TSH'),(406,200,40,'Echocardiogram','Abnormal Rhythm'),(407,300,40,'Chest X-ray','Signs of Infection'),(408,400,40,'Lipid Panel','High LDL'),(409,480,40,'Blood Culture','Normal'),(410,560,40,NULL,NULL),(411,201,41,NULL,NULL),(412,301,41,'Stress Test','Valve Dysfunction'),(413,401,41,NULL,NULL),(414,481,41,'Echocardiogram','Valve Dysfunction'),(415,561,41,'Electromyography (EMG)','Abnormal Activity'),(416,202,42,'Blood Pressure Test','Elevated Pressure'),(417,302,42,NULL,NULL),(418,402,42,'Endoscopy','Normal'),(419,482,42,'Spirometry','Normal'),(420,562,42,NULL,NULL),(421,203,43,'Autoantibody Test','High Blood Sugar'),(422,303,43,'Electromyography (EMG)','Abnormal Activity'),(423,403,43,'MRI','Normal'),(424,483,43,NULL,NULL),(425,563,43,'Blood Test','High Rheumatoid Factor'),(426,204,44,NULL,NULL),(427,304,44,'Physical Exam','Panic Symptoms'),(428,404,44,NULL,NULL),(429,484,44,'Blood Test','High Rheumatoid Factor'),(430,564,44,'Lipid Panel','High Triglycerides'),(431,205,45,NULL,NULL),(432,305,45,NULL,NULL),(433,405,45,NULL,NULL),(434,485,45,'Complete Blood Count (CBC)','Infection Detected'),(435,565,45,'C-Reactive Protein (CRP) Test','Normal'),(436,206,46,'Complete Blood Count (CBC)','Normal'),(437,306,46,'H. pylori Test','Normal'),(438,406,46,NULL,NULL),(439,486,46,NULL,NULL),(440,566,46,'Cortisol Test','Low Cortisol'),(441,207,47,'Blood Sugar Test','High Blood Sugar'),(442,307,47,'Electromyography (EMG)','Abnormal Activity'),(443,407,47,'T3/T4 Test','Low T3/T4'),(444,487,47,NULL,NULL),(445,567,47,'TSH Test','Elevated TSH'),(446,208,48,'Cortisol Test','Low Cortisol'),(447,308,48,NULL,NULL),(448,408,48,NULL,NULL),(449,488,48,'Mental Health Assessment','Severe Depression'),(450,568,48,NULL,NULL),(451,209,49,NULL,NULL),(452,309,49,'Blood Culture','Signs of Infection'),(453,409,49,NULL,NULL),(454,489,49,'Blood Urea Nitrogen (BUN)','High Creatinine'),(455,569,49,NULL,NULL),(456,210,50,NULL,NULL),(457,310,50,NULL,NULL),(458,410,50,'Neurological Exam','Normal'),(459,490,50,'Mental Health Assessment','Signs of Depression'),(460,570,50,'Kidney Function Test','Fluid Retention'),(461,211,51,'Mental Health Assessment','Panic Symptoms'),(462,311,51,'Physical Exam','Normal'),(463,411,51,NULL,NULL),(464,491,51,'Upper Endoscopy','Normal'),(465,212,52,'Neurological Exam','Signs of Inflammation'),(466,312,52,'Neurological Exam','Normal'),(467,412,52,NULL,NULL),(468,492,52,NULL,NULL),(469,213,53,NULL,NULL),(470,313,53,NULL,NULL),(471,413,53,NULL,NULL),(472,493,53,NULL,NULL),(473,214,54,'MRI','Localized Pain'),(474,314,54,NULL,NULL),(475,414,54,NULL,NULL),(476,494,54,NULL,NULL),(477,215,55,'CT Scan','Migraine Indications'),(478,315,55,NULL,NULL),(479,415,55,'pH Monitoring','Esophagitis'),(480,495,55,NULL,NULL),(481,216,56,NULL,NULL),(482,316,56,'MRI','Mild'),(483,416,56,'ELISA Test','Positive'),(484,496,56,NULL,NULL),(485,217,57,'Upper Endoscopy','Normal'),(486,317,57,'Blood Culture','Normal'),(487,417,57,NULL,NULL),(488,497,57,'MRI','Severe'),(489,218,58,'Mental Health Assessment','Mild Depression'),(490,318,58,'Nerve Conduction Study','Normal'),(491,418,58,NULL,NULL),(492,498,58,'Blood Culture','Normal'),(493,219,59,'Lipid Panel','Normal Levels'),(494,319,59,NULL,NULL),(495,419,59,'Pain Assessment','Severe'),(496,499,59,NULL,NULL),(497,220,60,'Upper Endoscopy','High Acidity'),(498,320,60,NULL,NULL),(499,420,60,NULL,NULL),(500,500,60,NULL,NULL),(501,221,61,'Blood Sugar Test','Elevated HbA1c'),(502,321,61,NULL,NULL),(503,501,61,NULL,NULL),(504,222,62,'ACTH Stimulation Test','Normal'),(505,322,62,NULL,NULL),(506,502,62,NULL,NULL),(507,223,63,NULL,NULL),(508,323,63,'Cortisol Test','Low Cortisol'),(509,503,63,'ESR Test','Elevated ESR'),(510,224,64,'ESR Test','Elevated CRP'),(511,324,64,NULL,NULL),(512,504,64,'Nerve Conduction Study','Normal'),(513,225,65,'Pain Assessment','Mild'),(514,325,65,'Pain Assessment','Severe'),(515,505,65,'Blood Test','Joint Inflammation'),(516,226,66,NULL,NULL),(517,326,66,'Mental Health Assessment','Panic Symptoms'),(518,506,66,NULL,NULL),(519,227,67,'Pain Assessment','Mild'),(520,327,67,NULL,NULL),(521,507,67,NULL,NULL),(522,228,68,NULL,NULL),(523,328,68,NULL,NULL),(524,508,68,NULL,NULL),(525,229,69,NULL,NULL),(526,329,69,'ELISA Test','Negative'),(527,509,69,NULL,NULL),(528,230,70,NULL,NULL),(529,330,70,NULL,NULL),(530,510,70,NULL,NULL),(531,231,71,'pH Monitoring','Normal'),(532,331,71,'T3/T4 Test','Elevated TSH'),(533,511,71,NULL,NULL),(534,232,72,'Electrolyte Panel','Elevated Pressure'),(535,332,72,NULL,NULL),(536,512,72,NULL,NULL),(537,233,73,NULL,NULL),(538,333,73,NULL,NULL),(539,513,73,'Blood Sugar Test','Autoantibodies Detected'),(540,234,74,NULL,NULL),(541,334,74,'Urinalysis','High Creatinine'),(542,514,74,'Electromyography (EMG)','Normal'),(543,235,75,'C-Reactive Protein (CRP) Test','Elevated ESR'),(544,335,75,'Peak Flow Test','Normal'),(545,515,75,NULL,NULL),(546,236,76,NULL,NULL),(547,336,76,'Chest X-ray','Signs of Infection'),(548,516,76,NULL,NULL),(549,237,77,NULL,NULL),(550,337,77,NULL,NULL),(551,517,77,NULL,NULL),(552,238,78,'Western Blot','Positive'),(553,338,78,NULL,NULL),(554,518,78,'Mental Health Assessment','Mild Depression'),(555,239,79,'Echocardiogram','Elevated BNP'),(556,339,79,NULL,NULL),(557,519,79,'Blood Sugar Test','Elevated HbA1c'),(558,240,80,'Blood Test','Joint Inflammation'),(559,340,80,'Spirometry','Normal'),(560,520,80,'Electromyography (EMG)','Abnormal Activity'),(561,241,81,NULL,NULL),(562,341,81,NULL,NULL),(563,242,82,'Chest X-ray','Normal'),(564,342,82,'Lipid Panel','Normal'),(565,243,83,'CT Scan','Migraine Indications'),(566,343,83,NULL,NULL),(567,244,84,'Lipid Panel','Normal Levels'),(568,344,84,NULL,NULL),(569,245,85,NULL,NULL),(570,345,85,'Urinalysis','Abnormal Protein Levels'),(571,246,86,'C-Reactive Protein (CRP) Test','Elevated ESR'),(572,346,86,'Electrolyte Panel','Normal'),(573,247,87,NULL,NULL),(574,347,87,'Spirometry','Reduced Lung Function'),(575,248,88,'Autoantibody Test','High Blood Sugar'),(576,348,88,'Lipid Panel','High Cholesterol'),(577,249,89,NULL,NULL),(578,349,89,NULL,NULL),(579,250,90,'Urinalysis','High Creatinine'),(580,350,90,'Upper Endoscopy','Normal'),(581,251,91,NULL,NULL),(582,351,91,'Lipid Panel','Normal'),(583,252,92,NULL,NULL),(584,352,92,'MRI','Nerve Damage'),(585,253,93,NULL,NULL),(586,353,93,'TSH Test','Low T3/T4'),(587,254,94,'Echocardiogram','Elevated BNP'),(588,354,94,'Complete Blood Count (CBC)','Normal'),(589,255,95,'Electrolyte Panel','Normal'),(590,355,95,NULL,NULL),(591,256,96,NULL,NULL),(592,356,96,'Echocardiogram','Elevated BNP'),(593,257,97,'Echocardiogram','Normal Function'),(594,357,97,'Western Blot','Negative'),(595,258,98,NULL,NULL),(596,358,98,NULL,NULL),(597,259,99,NULL,NULL),(598,359,99,'Kidney Function Test','Normal'),(599,260,100,NULL,NULL),(600,360,100,'X-ray','Normal');
/*!40000 ALTER TABLE `lab_results` ENABLE KEYS */;
UNLOCK TABLES;

--
-- Table structure for table `medications`
--

DROP TABLE IF EXISTS `medications`;
/*!40101 SET @saved_cs_client     = @@character_set_client */;
/*!50503 SET character_set_client = utf8mb4 */;
CREATE TABLE `medications` (
  `ID` int unsigned NOT NULL AUTO_INCREMENT,
  `Medication_Name` varchar(255) NOT NULL,
  PRIMARY KEY (`ID`)
) ENGINE=InnoDB AUTO_INCREMENT=31 DEFAULT CHARSET=utf8mb4 COLLATE=utf8mb4_0900_ai_ci;
/*!40101 SET character_set_client = @saved_cs_client */;

--
-- Dumping data for table `medications`
--

LOCK TABLES `medications` WRITE;
/*!40000 ALTER TABLE `medications` DISABLE KEYS */;
INSERT INTO `medications` VALUES (1,'Paracetamol 500mg Tablets'),(2,'Ibuprofen 400mg Tablets'),(3,'Aspirin 75mg Dispersible Tablets'),(4,'Codeine Phosphate 30mg Tablets'),(5,'Amoxicillin 250mg Capsules'),(6,'Omeprazole 20mg Capsules'),(7,'Simvastatin 40mg Tablets'),(8,'Metformin 500mg Tablets'),(9,'Amlodipine 5mg Tablets'),(10,'Ramipril 10mg Capsules'),(11,'Lansoprazole 30mg Capsules'),(12,'Atorvastatin 20mg Tablets'),(13,'Levothyroxine 50mcg Tablets'),(14,'Fluoxetine 20mg Capsules'),(15,'Sertraline 50mg Tablets'),(16,'Citalopram 20mg Tablets'),(17,'Losartan 50mg Tablets'),(18,'Bisoprolol 5mg Tablets'),(19,'Gliclazide 80mg Tablets'),(20,'Furosemide 40mg Tablets'),(21,'Prednisolone 5mg Tablets'),(22,'Ranitidine 150mg Tablets'),(23,'Hydrocortisone 10mg Tablets'),(24,'Cocodamol 8/500mg Tablets'),(25,'Tramadol 50mg Capsules'),(26,'Diazepam 5mg Tablets'),(27,'Clarithromycin 500mg Tablets'),(28,'Doxycycline 100mg Capsules'),(29,'Salbutamol 100mcg Inhaler'),(30,'Budesonide 200mcg Inhaler');
/*!40000 ALTER TABLE `medications` ENABLE KEYS */;
UNLOCK TABLES;

--
-- Table structure for table `patients`
--

DROP TABLE IF EXISTS `patients`;
/*!40101 SET @saved_cs_client     = @@character_set_client */;
/*!50503 SET character_set_client = utf8mb4 */;
CREATE TABLE `patients` (
  `ID` int unsigned NOT NULL AUTO_INCREMENT,
  `Patient_Name` varchar(255) NOT NULL,
  `Date_Of_Birth` date DEFAULT NULL,
  `Address` varchar(255) NOT NULL,
  `Assigned_Doctor` int unsigned NOT NULL,
  PRIMARY KEY (`ID`),
  KEY `Assigned_Doctor` (`Assigned_Doctor`),
  CONSTRAINT `patients_ibfk_1` FOREIGN KEY (`Assigned_Doctor`) REFERENCES `doctors` (`ID`)
) ENGINE=InnoDB AUTO_INCREMENT=601 DEFAULT CHARSET=utf8mb4 COLLATE=utf8mb4_0900_ai_ci;
/*!40101 SET character_set_client = @saved_cs_client */;

--
-- Dumping data for table `patients`
--

LOCK TABLES `patients` WRITE;
/*!40000 ALTER TABLE `patients` DISABLE KEYS */;
INSERT INTO `patients` VALUES (1,'Amelia Johnson','1987-04-23','42 Elm Street, London, SW1A 1AA',1),(2,'Noah Harris','1994-06-11','56 Oak Lane, Manchester, M1 1AE',2),(3,'Grace Lee','1991-08-19','78 Willow Avenue, Birmingham, B1 1BB',3),(4,'Lucas Taylor','1980-12-03','12 Cedar Road, Leeds, LS1 1CC',4),(5,'Sophia Davis','1985-09-17','23 Birch Close, Glasgow, G1 1DD',5),(6,'Benjamin White','1999-11-05','89 Maple Grove, Bristol, BS1 1EE',6),(7,'Charlotte Torres','1988-07-09','34 Elm Lane, Liverpool, L1 1FF',7),(8,'Henry Scott','1993-02-22','56 Cherry Street, Sheffield, S1 1GG',8),(9,'Olivia Martinez','1976-05-14','91 Oakwood Road, Nottingham, NG1 1HH',9),(10,'Ethan Walker','1991-10-28','78 Cedar Drive, Edinburgh, EH1 1II',10),(11,'Mason Johnson','1984-03-15','19 Willow Park, Cardiff, CF1 1JJ',11),(12,'Grace Taylor','1989-01-07','11 Birch Path, Belfast, BT1 1KK',12),(13,'Sophia Martinez','1982-08-11','44 Elm Crescent, Newcastle, NE1 1LL',13),(14,'Amelia Young','1997-06-25','89 Oak Walk, Southampton, SO1 1MM',14),(15,'Noah Allen','1985-04-20','56 Maple Way, Plymouth, PL1 1NN',15),(16,'Lucas White','1980-09-02','22 Willow Gardens, Norwich, NR1 1OO',16),(17,'Zoe King','1993-12-31','91 Birch Avenue, Leicester, LE1 1PP',17),(18,'Charlotte Adams','1987-03-18','34 Elm Street, London, SW1A 2BB',18),(19,'Elijah Harris','1990-05-27','23 Oak Road, Manchester, M1 2DD',19),(20,'Grace Brown','1998-11-15','19 Cedar Lane, Birmingham, B1 2EE',20),(21,'Sophia Torres','1979-04-04','78 Willow Close, Leeds, LS1 2FF',21),(22,'Henry Taylor','1984-12-21','42 Birch Grove, Glasgow, G1 2GG',22),(23,'Benjamin Martinez','1981-06-09','56 Elm Path, Bristol, BS1 2HH',23),(24,'Lucas Scott','1984-10-14','11 Maple Park, Liverpool, L1 2II',24),(25,'Ava Hill','1995-07-08','91 Cherry Avenue, Sheffield, S1 2JJ',25),(26,'Ethan Johnson','1988-03-16','22 Oakwood Drive, Nottingham, NG1 2KK',26),(27,'Sophia White','1991-09-20','78 Willow Gardens, Edinburgh, EH1 2LL',27),(28,'Amelia Walker','1977-05-22','44 Cedar Grove, Cardiff, CF1 2MM',28),(29,'Noah Martinez','1999-01-01','89 Birch Park, Belfast, BT1 2NN',29),(30,'Grace Adams','1994-06-30','19 Elm Way, Newcastle, NE1 2OO',30),(31,'Liam Brooks','1984-06-15','123 Pine Street, London, SW1A 3CC',31),(32,'Olivia Taylor','1994-11-02','89 Oak Lane, Manchester, M2 3DD',32),(33,'Sophia Johnson','1987-03-28','56 Willow Road, Birmingham, B2 3EE',33),(34,'Noah Davis','1985-02-17','22 Cedar Path, Leeds, LS2 3FF',34),(35,'Grace Sam','1991-08-19','78 Birch Grove, Glasgow, G2 3GG',35),(36,'Elijah White','1990-09-30','19 Maple Walk, Bristol, BS2 3HH',36),(37,'Ava Martinez','1983-12-11','34 Elm Crescent, Liverpool, L2 3II',37),(38,'Mason Wright','1988-01-15','11 Cherry Avenue, Sheffield, S2 3JJ',38),(39,'Zoe Brown','1977-04-22','44 Oak Park, Nottingham, NG2 3KK',39),(40,'Benjamin Allen','1993-09-13','91 Willow Gardens, Edinburgh, EH2 3LL',40),(41,'Emma Scott','1981-05-18','78 Birch Street, Cardiff, CF2 3MM',41),(42,'Henry Martinez','1995-08-27','56 Cedar Grove, Belfast, BT2 3NN',42),(43,'Charlotte King','1990-02-14','23 Elm Way, Newcastle, NE2 3OO',43),(44,'Amelia Harris','1979-07-19','34 Maple Lane, London, SW1A 4BB',44),(45,'Noah Torres','1987-10-11','89 Cherry Road, Manchester, M2 4DD',45),(46,'Grace Mount','1992-01-08','42 Willow Path, Birmingham, B2 4EE',46),(47,'Ethan White','1984-04-23','56 Cedar Street, Leeds, LS2 4FF',47),(48,'Ava Taylor','1996-06-29','11 Oak Crescent, Glasgow, G2 4GG',48),(49,'Lucas Johnson','1983-03-15','22 Birch Avenue, Bristol, BS2 4HH',49),(50,'Sophia Davis','1989-11-05','19 Willow Park, Liverpool, L2 4II',50),(51,'Mason Martinez','1994-08-10','78 Cherry Lane, Sheffield, S2 4JJ',51),(52,'Zoe Harris','1990-09-18','123 Elm Street, Nottingham, NG2 4KK',52),(53,'Liam Taylor','1982-12-14','34 Oak Gardens, Edinburgh, EH2 4LL',53),(54,'Olivia Lee','1998-07-25','89 Maple Grove, Cardiff, CF2 4MM',54),(55,'Benjamin Allen','1986-10-08','91 Cherry Walk, Belfast, BT2 4NN',55),(56,'Charlotte White','1997-05-13','44 Willow Drive, Newcastle, NE2 4OO',56),(57,'Amelia Brown','1991-04-02','19 Birch Street, London, SW1A 5BB',57),(58,'Noah Young','1980-03-27','56 Oak Road, Manchester, M2 5DD',58),(59,'Grace Torres','1983-06-19','78 Cedar Walk, Birmingham, B2 5EE',59),(60,'Elijah Martinez','1992-10-30','42 Elm Path, Leeds, LS2 5FF',60),(61,'Ava Harris','1985-11-27','78 Maple Crescent, London, SW1A 6GG',61),(62,'Ethan Brown','1994-03-21','12 Cedar Gardens, Liverpool, L1 6HH',62),(63,'Zoe Martinez','1981-06-18','44 Willow Lane, Glasgow, G1 6II',63),(64,'Charlotte King','1987-09-02','22 Oakwood Drive, Nottingham, NG1 6JJ',64),(65,'Liam Brooks','1984-06-15','123 Pine Street, London, SW1A 3CC',65),(66,'Olivia Taylor','1994-11-02','89 Oak Lane, Manchester, M2 3DD',66),(67,'Sophia Johnson','1987-03-28','56 Willow Road, Birmingham, B2 3EE',67),(68,'Noah Davis','1985-02-17','22 Cedar Path, Leeds, LS2 3FF',68),(69,'Grace Feathers','1991-08-19','78 Birch Grove, Glasgow, G2 3GG',69),(70,'Elijah White','1990-09-30','19 Maple Walk, Bristol, BS2 3HH',70),(71,'Ava Martinez','1983-12-11','34 Elm Crescent, Liverpool, L2 3II',71),(72,'Mason Wright','1988-01-15','11 Cherry Avenue, Sheffield, S2 3JJ',72),(73,'Zoe Brown','1977-04-22','44 Oak Park, Nottingham, NG2 3KK',73),(74,'Benjamin Allen','1993-09-13','91 Willow Gardens, Edinburgh, EH2 3LL',74),(75,'Emma Scott','1981-05-18','78 Birch Street, Cardiff, CF2 3MM',75),(76,'Henry Martinez','1995-08-27','56 Cedar Grove, Belfast, BT2 3NN',76),(77,'Charlotte King','1990-02-14','23 Elm Way, Newcastle, NE2 3OO',77),(78,'Amelia Harris','1979-07-19','34 Maple Lane, London, SW1A 4BB',78),(79,'Noah Torres','1987-10-11','89 Cherry Road, Manchester, M2 4DD',79),(80,'Grace Feathers','1992-01-08','42 Willow Path, Birmingham, B2 4EE',80),(81,'Ethan White','1984-04-23','56 Cedar Street, Leeds, LS2 4FF',81),(82,'Ava Taylor','1996-06-29','11 Oak Crescent, Glasgow, G2 4GG',82),(83,'Lucas Johnson','1983-03-15','22 Birch Avenue, Bristol, BS2 4HH',83),(84,'Sophia Davis','1989-11-05','19 Willow Park, Liverpool, L2 4II',84),(85,'Mason Martinez','1994-08-10','78 Cherry Lane, Sheffield, S2 4JJ',85),(86,'Zoe Harris','1990-09-18','123 Elm Street, Nottingham, NG2 4KK',86),(87,'Liam Taylor','1982-12-14','34 Oak Gardens, Edinburgh, EH2 4LL',87),(88,'Olivia Lee','1998-07-25','89 Maple Grove, Cardiff, CF2 4MM',88),(89,'Benjamin Allen','1986-10-08','91 Cherry Walk, Belfast, BT2 4NN',89),(90,'Charlotte White','1997-05-13','44 Willow Drive, Newcastle, NE2 4OO',90),(91,'Amelia Brown','1991-04-02','19 Birch Street, London, SW1A 5BB',91),(92,'Noah Young','1980-03-27','56 Oak Road, Manchester, M2 5DD',92),(93,'Grace Torres','1983-06-19','78 Cedar Walk, Birmingham, B2 5EE',93),(94,'Elijah Martinez','1992-10-30','42 Elm Path, Leeds, LS2 5FF',94),(95,'Ava Harris','1985-11-27','78 Maple Crescent, London, SW1A 6GG',95),(96,'Ethan Brown','1994-03-21','12 Cedar Gardens, Liverpool, L1 6HH',96),(97,'Zoe Martinez','1981-06-18','44 Willow Lane, Glasgow, G1 6II',97),(98,'Charlotte King','1987-09-02','22 Oakwood Drive, Nottingham, NG1 6JJ',98),(99,'Mason Scott','1990-01-20','34 Birch Grove, Edinburgh, EH1 6LL',99),(100,'Liam Young','1984-02-11','56 Elm Avenue, Cardiff, CF1 6MM',100),(101,'Olivia Harris','1998-07-18','19 Willow Lane, Belfast, BT1 6NN',1),(102,'Grace Adams','1986-09-15','91 Cedar Path, Newcastle, NE1 6OO',2),(103,'Benjamin White','1995-10-14','42 Cherry Street, Southampton, SO1 6PP',3),(104,'Sophia Lee','1987-05-21','89 Maple Drive, Plymouth, PL1 6QQ',4),(105,'Henry Taylor','1993-04-23','78 Oak Way, Norwich, NR1 6RR',5),(106,'Charlotte Martinez','1980-12-18','23 Elm Crescent, Leicester, LE1 6SS',6),(107,'Amelia Young','1985-03-12','78 Cherry Path, London, SW1A 6TT',7),(108,'Noah Torres','1990-11-08','44 Willow Crescent, Manchester, M2 6UU',8),(109,'Grace Worth','1996-02-29','19 Elm Gardens, Birmingham, B2 6VV',9),(110,'Ethan White','1981-06-20','34 Cedar Street, Leeds, LS2 6WW',10),(111,'Liam Brooks','1989-09-03','56 Oakwood Avenue, Glasgow, G2 6XX',11),(112,'Sophia Johnson','1983-07-18','91 Maple Lane, Bristol, BS2 6YY',12),(113,'Lucas Taylor','1992-12-01','89 Birch Drive, Liverpool, L2 6ZZ',13),(114,'Mason Wright','1994-10-12','23 Willow Path, Sheffield, S2 7AA',14),(115,'Olivia Martinez','1995-04-25','44 Oak Crescent, Nottingham, NG2 7BB',15),(116,'Benjamin Scott','1987-01-13','78 Elm Avenue, Edinburgh, EH2 7CC',16),(117,'Charlotte Harris','1993-05-27','91 Cherry Street, Cardiff, CF2 7DD',17),(118,'Amelia White','1986-11-09','56 Maple Walk, Belfast, BT2 7EE',18),(119,'Zoe Brown','1999-02-17','12 Birch Grove, Newcastle, NE2 7FF',19),(120,'Henry Martinez','1984-03-31','19 Willow Lane, Southampton, SO2 7GG',20),(121,'Sophia Torres','1988-08-14','89 Cedar Drive, Plymouth, PL2 7HH',21),(122,'Grace Black','1994-06-02','34 Maple Crescent, Norwich, NR2 7II',22),(123,'Elijah Johnson','1982-10-21','42 Elm Gardens, Leicester, LE2 7JJ',23),(124,'Mason Allen','1987-12-29','23 Oakwood Path, Coventry, CV2 7KK',24),(125,'Lucas Martinez','1989-05-30','56 Cherry Drive, York, YO2 7LL',25),(126,'Ava Harris','1996-01-10','19 Maple Lane, Hull, HU2 7MM',26),(127,'Charlotte King','1991-09-08','91 Willow Crescent, Derby, DE2 7NN',27),(128,'Olivia White','1985-02-18','78 Cedar Street, Brighton, BN2 7OO',28),(129,'Sophia Davis','1993-03-13','34 Oak Road, Oxford, OX2 7PP',29),(130,'Noah Brown','1990-04-07','89 Elm Path, Cambridge, CB2 7QQ',30),(131,'Amelia Walker','1988-11-24','44 Birch Avenue, Bath, BA2 7RR',31),(132,'Benjamin Taylor','1994-12-19','56 Willow Lane, Swansea, SA2 7SS',32),(133,'Lucas Hill','1983-05-05','78 Maple Street, Reading, RG2 7TT',33),(134,'Ethan Harris','1997-09-02','42 Cedar Way, Milton Keynes, MK2 7UU',34),(135,'Grace Adams','1981-01-31','34 Elm Crescent, Ipswich, IP2 7VV',35),(136,'Sophia Lee','1996-04-26','91 Oakwood Walk, Bournemouth, BH2 7WW',36),(137,'Mason Johnson','1990-07-15','23 Willow Street, Aberdeen, AB2 7XX',37),(138,'Charlotte White','1987-02-03','56 Birch Lane, Durham, DH2 7YY',38),(139,'Liam Taylor','1983-09-06','19 Maple Drive, Gloucester, GL2 7ZZ',39),(140,'Amelia Martinez','1992-06-22','44 Cedar Path, Exeter, EX2 8AA',40),(141,'Benjamin Brown','1986-10-18','89 Willow Gardens, Stoke-on-Trent, ST2 8BB',41),(142,'Zoe King','1991-08-09','34 Maple Avenue, Woking, GU2 8CC',42),(143,'Sophia Torres','1995-11-20','78 Elm Crescent, Slough, SL2 8DD',43),(144,'Ethan Walker','1994-03-28','12 Birch Path, Dudley, DY2 8EE',44),(145,'Liam Harris','1988-05-12','56 Cedar Street, Sunderland, SR2 8FF',45),(146,'Grace Summers','1993-11-18','34 Willow Grove, Canterbury, CT2 8GG',46),(147,'Sophia Martinez','1985-07-05','78 Elm Drive, Gloucester, GL2 8HH',47),(148,'Noah White','1982-10-15','19 Birch Avenue, Swansea, SA2 8II',48),(149,'Benjamin Davis','1997-04-30','89 Cedar Way, Reading, RG2 8JJ',49),(150,'Charlotte Harris','1986-01-20','23 Oakwood Lane, Milton Keynes, MK2 8KK',50),(151,'Amelia Torres','1990-03-18','12 Maple Crescent, Ipswich, IP2 8LL',51),(152,'Ethan Allen','1989-06-09','91 Willow Path, Bournemouth, BH2 8MM',52),(153,'Mason Wright','1984-09-22','56 Elm Gardens, Aberdeen, AB2 8NN',53),(154,'Zoe King','1995-12-17','44 Birch Walk, Durham, DH2 8OO',54),(155,'Grace Taylor','1981-08-25','34 Maple Way, Gloucester, GL2 8PP',55),(156,'Lucas White','1992-02-16','78 Willow Lane, Exeter, EX2 8QQ',56),(157,'Sophia Martinez','1997-01-27','19 Cedar Street, Stoke-on-Trent, ST2 8RR',57),(158,'Olivia Scott','1983-11-05','56 Elm Avenue, Woking, GU2 8SS',58),(159,'Benjamin Lee','1996-03-23','22 Willow Path, Slough, SL2 8TT',59),(160,'Noah Johnson','1991-07-12','44 Birch Gardens, Dudley, DY2 8UU',60),(161,'Amelia Harris','1987-09-08','91 Maple Crescent, Sunderland, SR2 8VV',61),(162,'Ethan Torres','1993-05-25','12 Cedar Road, Canterbury, CT2 8WW',62),(163,'Grace Allen','1985-06-17','89 Willow Drive, Gloucester, GL2 8XX',63),(164,'Liam Martinez','1994-02-10','78 Elm Walk, Swansea, SA2 8YY',64),(165,'Charlotte White','1999-10-22','23 Oakwood Avenue, Reading, RG2 8ZZ',65),(166,'Sophia Walker','1986-01-14','56 Cedar Crescent, Milton Keynes, MK2 9AA',66),(167,'Noah Taylor','1983-08-03','34 Birch Grove, Ipswich, IP2 9BB',67),(168,'Amelia Adams','1990-04-11','91 Willow Gardens, Bournemouth, BH2 9CC',68),(169,'Ethan Johnson','1997-07-29','12 Elm Lane, Aberdeen, AB2 9DD',69),(170,'Grace Martinez','1985-03-28','19 Oak Road, Durham, DH2 9EE',70),(171,'Zoe King','1989-02-06','78 Maple Path, Gloucester, GL2 9FF',71),(172,'Benjamin Harris','1993-11-22','56 Willow Street, Exeter, EX2 9GG',72),(173,'Mason Torres','1996-06-12','34 Cedar Gardens, Stoke-on-Trent, ST2 9HH',73),(174,'Sophia Brown','1988-12-24','89 Elm Walk, Woking, GU2 9II',74),(175,'Noah Martinez','1994-10-13','42 Birch Avenue, Slough, SL2 9JJ',75),(176,'Lucas Taylor','1982-04-19','23 Willow Crescent, Dudley, DY2 9KK',76),(177,'Charlotte Hill','1991-08-01','12 Oakwood Drive, Sunderland, SR2 9LL',77),(178,'Grace Torres','1997-05-18','44 Maple Street, Canterbury, CT2 9MM',78),(179,'Ethan White','1986-07-23','78 Birch Path, Gloucester, GL2 9NN',79),(180,'Amelia King','1983-09-30','91 Willow Gardens, Swansea, SA2 9OO',80),(181,'Liam Scott','1990-03-17','56 Cedar Road, Reading, RG2 9PP',81),(182,'Sophia Martinez','1996-12-05','19 Elm Crescent, Milton Keynes, MK2 9QQ',82),(183,'Zoe Brown','1987-01-11','22 Willow Avenue, Ipswich, IP2 9RR',83),(184,'Benjamin Johnson','1995-04-26','78 Maple Grove, Bournemouth, BH2 9SS',84),(185,'Amelia Torres','1992-05-14','12 Elm Grove, London, SW1A 9TT',85),(186,'Noah Taylor','1986-10-27','34 Maple Crescent, Manchester, M3 9UU',86),(187,'Grace Martinez','1990-07-12','78 Cedar Lane, Birmingham, B3 9VV',87),(188,'Benjamin Lee','1984-09-03','56 Willow Path, Leeds, LS3 9WW',88),(189,'Sophia Davis','1993-01-28','91 Birch Avenue, Glasgow, G3 9XX',89),(190,'Liam White','1988-11-04','23 Oakwood Crescent, Bristol, BS3 9YY',90),(191,'Charlotte King','1983-03-06','89 Elm Drive, Liverpool, L3 9ZZ',91),(192,'Zoe Harris','1994-12-15','78 Maple Walk, Sheffield, S3 0AA',92),(193,'Lucas Martinez','1987-08-25','56 Willow Road, Nottingham, NG3 0BB',93),(194,'Mason Wright','1990-02-16','34 Cedar Gardens, Edinburgh, EH3 0CC',94),(195,'Grace Wandsworth','1996-04-29','19 Elm Lane, Cardiff, CF3 0DD',95),(196,'Ethan Allen','1981-05-07','44 Birch Street, Belfast, BT3 0EE',96),(197,'Charlotte Harris','1989-06-18','91 Willow Avenue, Newcastle, NE3 0FF',97),(198,'Noah Taylor','1983-09-19','12 Oak Crescent, Southampton, SO3 0GG',98),(199,'Amelia Young','1994-07-05','78 Maple Path, Plymouth, PL3 0HH',99),(200,'Emma Clarkson','1987-04-12','42 Elm Road, Manchester, M1 1AE',1),(201,'Noah Mitchell','1994-02-23','23 Oak Street, Birmingham, B1 2BB',2),(202,'Sophia Townsend','1980-08-19','12 Cedar Lane, Leeds, LS1 3CC',3),(203,'Lucas Wright','1978-11-05','91 Willow Avenue, Glasgow, G1 4DD',4),(204,'Charlotte Griffin','1995-09-30','34 Birch Close, Bristol, BS1 5EE',5),(205,'Benjamin Carter','1983-01-15','89 Maple Street, Liverpool, L1 6FF',6),(206,'Amelia Foster','1992-06-27','19 Cherry Path, Sheffield, S1 7GG',7),(207,'Zoe Henderson','1990-08-11','78 Birch Way, Nottingham, NG1 8HH',8),(208,'Ethan Robinson','1985-11-23','56 Willow Crescent, Edinburgh, EH1 9II',9),(209,'Grace Walker','1979-03-14','34 Cedar Grove, Cardiff, CF1 0JJ',10),(210,'Henry Morrison','1994-12-19','42 Maple Close, Belfast, BT1 1KK',11),(211,'Sophia Turner','1988-07-22','89 Oak Gardens, Newcastle, NE1 2LL',12),(212,'Mason Hall','1981-05-18','12 Elm Avenue, Southampton, SO1 3MM',13),(213,'Olivia Bailey','1996-09-01','91 Cherry Street, Plymouth, PL1 4NN',14),(214,'Liam Brooks','1983-02-27','78 Willow Park, Norwich, NR1 5OO',15),(215,'Amelia Bennett','1989-10-13','23 Oakwood Lane, Leicester, LE1 6PP',16),(216,'Lucas Griffin','1987-06-02','19 Birch Road, Coventry, CV1 7QQ',17),(217,'Charlotte Parker','1991-01-09','44 Cedar Drive, York, YO1 8RR',18),(218,'Benjamin Adams','1985-03-16','34 Elm Gardens, Hull, HU1 9SS',19),(219,'Noah Russell','1979-08-21','78 Maple Lane, Derby, DE1 0TT',20),(220,'Sophia Collins','1993-07-30','12 Willow Crescent, Brighton, BN1 1UU',21),(221,'Henry Kelly','1988-09-22','89 Birch Street, Oxford, OX1 2VV',22),(222,'Amelia Edwards','1992-05-04','56 Maple Path, Cambridge, CB1 3WW',23),(223,'Ethan Harris','1981-12-17','34 Elm Road, Bath, BA1 4XX',24),(224,'Lucas Taylor','1989-11-15','91 Willow Way, Swansea, SA1 5YY',25),(225,'Grace Robinson','1994-06-08','19 Cherry Path, Reading, RG1 6ZZ',26),(226,'Zoe Lewis','1987-02-19','42 Maple Gardens, Milton Keynes, MK1 7AA',27),(227,'Amelia Johnson','1983-09-05','78 Oakwood Crescent, Ipswich, IP1 8BB',28),(228,'Mason Cooper','1995-08-14','89 Willow Lane, Bournemouth, BH1 9CC',29),(229,'Benjamin Wright','1986-04-28','56 Cherry Road, Aberdeen, AB1 0DD',30),(230,'Olivia Carter','1991-03-25','23 Maple Street, London, SW1A 1BB',31),(231,'Ethan Johnson','1990-07-11','42 Elm Road, Manchester, M1 2CC',32),(232,'Sophia Bennett','1988-02-05','56 Oakwood Crescent, Birmingham, B1 3DD',33),(233,'Lucas Adams','1983-09-19','78 Willow Lane, Leeds, LS1 4EE',34),(234,'Charlotte Hall','1985-04-12','89 Birch Grove, Glasgow, G1 5FF',35),(235,'Henry Mitchell','1997-08-31','34 Cedar Path, Bristol, BS1 6GG',36),(236,'Amelia Foster','1992-12-18','19 Elm Gardens, Liverpool, L1 7HH',37),(237,'Benjamin Turner','1986-06-28','91 Cherry Drive, Sheffield, S1 8II',38),(238,'Mason Walker','1981-05-16','12 Maple Crescent, Nottingham, NG1 9JJ',39),(239,'Zoe Robinson','1994-11-02','34 Willow Street, Edinburgh, EH1 0KK',40),(240,'Grace Harris','1989-09-20','56 Birch Walk, Cardiff, CF1 1LL',41),(241,'Ethan White','1987-07-03','42 Oak Grove, Belfast, BT1 2MM',42),(242,'Noah Scott','1993-10-25','19 Elm Path, Newcastle, NE1 3NN',43),(243,'Amelia Griffin','1984-12-14','23 Maple Avenue, Southampton, SO1 4OO',44),(244,'Olivia Bailey','1995-03-17','56 Cedar Lane, Plymouth, PL1 5PP',45),(245,'Henry Kelly','1991-01-28','89 Willow Grove, Norwich, NR1 6QQ',46),(246,'Sophia Murphy','1982-04-22','78 Oak Crescent, Leicester, LE1 7RR',47),(247,'Lucas Russell','1996-05-31','91 Elm Street, Coventry, CV1 8SS',48),(248,'Mason Brooks','1983-06-20','34 Cherry Path, York, YO1 9TT',49),(249,'Benjamin Turner','1987-11-08','12 Maple Grove, Hull, HU1 0UU',50),(250,'Ethan Roberts','1993-06-15','34 Willow Street, London, SW1A 1BB',51),(251,'Sophia Turner','1985-09-12','78 Maple Lane, Manchester, M1 2CC',52),(252,'Grace Edwards','1987-01-25','42 Oakwood Crescent, Birmingham, B1 3DD',53),(253,'Lucas Murphy','1983-11-18','56 Birch Path, Leeds, LS1 4EE',54),(254,'Olivia Harris','1991-08-21','89 Elm Walk, Glasgow, G1 5FF',55),(255,'Mason Adams','1994-07-05','19 Maple Crescent, Bristol, BS1 6GG',56),(256,'Noah Kelly','1988-04-10','12 Oak Gardens, Liverpool, L1 7HH',57),(257,'Charlotte Hall','1992-02-27','91 Cedar Drive, Sheffield, S1 8II',58),(258,'Benjamin Foster','1989-12-03','34 Willow Avenue, Nottingham, NG1 9JJ',59),(259,'Amelia Russell','1986-03-28','23 Elm Crescent, Edinburgh, EH1 0KK',60),(260,'Ethan Robinson','1984-06-19','78 Maple Walk, Cardiff, CF1 1LL',61),(261,'Grace Taylor','1993-01-12','42 Birch Lane, Belfast, BT1 2MM',62),(262,'Henry Parker','1990-10-15','56 Cedar Gardens, Newcastle, NE1 3NN',63),(263,'Zoe Turner','1981-05-20','19 Oak Road, Southampton, SO1 4OO',64),(264,'Sophia Bennett','1996-09-30','89 Willow Grove, Plymouth, PL1 5PP',65),(265,'Benjamin Robinson','1994-08-14','12 Elm Path, Norwich, NR1 6QQ',66),(266,'Charlotte King','1983-07-25','34 Maple Street, Leicester, LE1 7RR',67),(267,'Olivia Scott','1988-02-08','91 Oakwood Crescent, Coventry, CV1 8SS',68),(268,'Mason Bailey','1991-11-03','23 Birch Grove, York, YO1 9TT',69),(269,'Grace White','1987-04-19','56 Willow Lane, Hull, HU1 0UU',70),(270,'Ethan Clarke','1993-08-13','34 Willow Lane, London, SW1A 1BB',71),(271,'Sophia Mitchell','1984-09-18','56 Maple Crescent, Manchester, M1 2CC',72),(272,'Grace Bennett','1987-05-20','42 Oakwood Drive, Birmingham, B1 3DD',73),(273,'Lucas Harris','1990-01-10','78 Birch Path, Leeds, LS1 4EE',74),(274,'Olivia Parker','1986-03-19','12 Elm Walk, Glasgow, G1 5FF',75),(275,'Mason Adams','1993-07-30','89 Maple Lane, Bristol, BS1 6GG',76),(276,'Noah Turner','1988-02-27','19 Oak Crescent, Liverpool, L1 7HH',77),(277,'Charlotte Scott','1995-01-08','91 Cedar Grove, Sheffield, S1 8II',78),(278,'Benjamin Taylor','1983-12-11','34 Willow Path, Nottingham, NG1 9JJ',79),(279,'Amelia Russell','1994-11-22','56 Birch Avenue, Edinburgh, EH1 0KK',80),(280,'Grace Kelly','1997-10-04','78 Oakwood Road, Cardiff, CF1 1LL',81),(281,'Henry White','1991-06-25','12 Maple Street, Belfast, BT1 2MM',82),(282,'Zoe Foster','1990-04-12','89 Elm Crescent, Newcastle, NE1 3NN',83),(283,'Ethan Murphy','1989-07-16','42 Willow Lane, Southampton, SO1 4OO',84),(284,'Sophia Clarke','1987-02-23','23 Birch Gardens, Plymouth, PL1 5PP',85),(285,'Mason Brown','1995-08-17','19 Oak Grove, Norwich, NR1 6QQ',86),(286,'Lucas Hall','1993-11-28','78 Maple Path, Leicester, LE1 7RR',87),(287,'Amelia Bailey','1985-03-19','56 Cedar Walk, Coventry, CV1 8SS',88),(288,'Grace Robinson','1991-05-29','89 Elm Drive, York, YO1 9TT',89),(289,'Noah Adams','1984-10-12','34 Maple Crescent, Hull, HU1 0UU',90),(290,'Ethan Carter','1990-04-12','23 Elm Road, London, SW1A 1BB',91),(291,'Grace Bennett','1995-09-30','56 Oakwood Path, Manchester, M1 2CC',92),(292,'Lucas Hall','1987-01-25','78 Willow Lane, Birmingham, B1 3DD',93),(293,'Sophia Robinson','1983-03-19','34 Birch Avenue, Leeds, LS1 4EE',94),(294,'Noah Turner','1994-07-09','12 Maple Walk, Glasgow, G1 5FF',95),(295,'Charlotte Foster','1981-12-03','89 Elm Crescent, Bristol, BS1 6GG',96),(296,'Mason Harris','1988-06-27','19 Birch Lane, Liverpool, L1 7HH',97),(297,'Zoe Kelly','1992-11-15','42 Maple Grove, Sheffield, S1 8II',98),(298,'Benjamin Adams','1991-02-21','91 Oakwood Path, Nottingham, NG1 9JJ',99),(299,'Amelia Russell','1984-05-14','23 Willow Drive, Edinburgh, EH1 0KK',100),(300,'Amelia Clarke','1987-06-15','12 Maple Avenue, London, SW1A 1BB',1),(301,'Lucas Johnson','1994-01-21','42 Elm Road, Manchester, M1 2CC',2),(302,'Grace Foster','1988-12-03','78 Willow Lane, Birmingham, B1 3DD',3),(303,'Mason Wright','1990-03-19','34 Birch Path, Leeds, LS1 4EE',4),(304,'Charlotte Bailey','1995-09-30','19 Oakwood Grove, Glasgow, G1 5FF',5),(305,'Ethan Turner','1992-02-14','89 Elm Crescent, Bristol, BS1 6GG',6),(306,'Sophia Robinson','1997-08-10','56 Maple Walk, Liverpool, L1 7HH',7),(307,'Benjamin Carter','1991-05-17','91 Willow Gardens, Sheffield, S1 8II',8),(308,'Zoe Adams','1984-11-25','34 Cedar Crescent, Nottingham, NG1 9JJ',9),(309,'Henry Scott','1987-07-14','12 Oakwood Avenue, Edinburgh, EH1 0KK',10),(310,'Amelia Kelly','1993-04-30','19 Willow Drive, Cardiff, CF1 1LL',11),(311,'Mason Taylor','1991-02-22','78 Birch Path, Belfast, BT1 2MM',12),(312,'Grace White','1989-06-12','42 Maple Lane, Newcastle, NE1 3NN',13),(313,'Lucas Foster','1995-03-08','89 Oakwood Path, Southampton, SO1 4OO',14),(314,'Charlotte Hall','1983-01-19','23 Elm Street, Plymouth, PL1 5PP',15),(315,'Noah Harris','1994-09-23','56 Birch Avenue, Norwich, NR1 6QQ',16),(316,'Sophia Parker','1986-08-07','91 Willow Road, Leicester, LE1 7RR',17),(317,'Ethan Bailey','1992-10-16','12 Cedar Gardens, Coventry, CV1 8SS',18),(318,'Benjamin Robinson','1990-05-03','34 Elm Walk, York, YO1 9TT',19),(319,'Amelia Adams','1987-03-28','19 Maple Crescent, Hull, HU1 0UU',20),(320,'Grace Russell','1985-11-19','78 Oakwood Drive, Derby, DE1 1BB',21),(321,'Mason Murphy','1997-07-13','42 Willow Grove, Brighton, BN1 2CC',22),(322,'Zoe Carter','1988-02-06','89 Maple Crescent, Oxford, OX1 3DD',23),(323,'Lucas Mitchell','1991-12-22','19 Elm Lane, Cambridge, CB1 4EE',24),(324,'Henry White','1984-06-15','12 Oak Path, Bath, BA1 5FF',25),(325,'Sophia Lewis','1995-01-01','34 Willow Lane, Swansea, SA1 6GG',26),(326,'Ethan Turner','1990-04-20','42 Birch Path, Reading, RG1 7HH',27),(327,'Charlotte Young','1987-09-19','78 Maple Drive, Milton Keynes, MK1 8II',28),(328,'Grace Scott','1983-03-11','56 Oakwood Walk, Ipswich, IP1 9JJ',29),(329,'Benjamin Harris','1994-11-18','19 Cedar Crescent, Bournemouth, BH1 0KK',30),(330,'Amelia White','1986-04-23','12 Maple Crescent, London, SW1A 1BB',31),(331,'Lucas Johnson','1994-01-14','42 Elm Road, Manchester, M1 2CC',32),(332,'Grace Adams','1987-07-17','78 Willow Lane, Birmingham, B1 3DD',33),(333,'Noah Parker','1991-03-29','34 Birch Path, Leeds, LS1 4EE',34),(334,'Sophia Robinson','1990-12-05','19 Oakwood Avenue, Glasgow, G1 5FF',35),(335,'Mason Hall','1988-06-18','89 Elm Crescent, Bristol, BS1 6GG',36),(336,'Ethan Foster','1993-02-25','56 Maple Walk, Liverpool, L1 7HH',37),(337,'Charlotte Taylor','1997-10-15','91 Willow Gardens, Sheffield, S1 8II',38),(338,'Benjamin Scott','1983-11-02','34 Cedar Crescent, Nottingham, NG1 9JJ',39),(339,'Zoe Carter','1996-01-22','12 Birch Street, Edinburgh, EH1 0KK',40),(340,'Grace White','1995-09-01','42 Oakwood Path, Cardiff, CF1 1LL',41),(341,'Henry Adams','1989-05-10','78 Maple Drive, Belfast, BT1 2MM',42),(342,'Amelia Harris','1992-08-27','19 Willow Lane, Newcastle, NE1 3NN',43),(343,'Mason Russell','1984-02-13','89 Birch Walk, Southampton, SO1 4OO',44),(344,'Olivia Parker','1991-06-14','23 Maple Crescent, Plymouth, PL1 5PP',45),(345,'Ethan Bailey','1985-03-09','56 Elm Avenue, Norwich, NR1 6QQ',46),(346,'Charlotte Kelly','1987-01-26','91 Oakwood Drive, Leicester, LE1 7RR',47),(347,'Noah Taylor','1994-12-18','34 Willow Path, Coventry, CV1 8SS',48),(348,'Grace Robinson','1993-10-12','12 Birch Grove, York, YO1 9TT',49),(349,'Lucas Johnson','1990-11-19','42 Maple Lane, Hull, HU1 0UU',50),(350,'Ethan Harris','1983-07-12','19 Willow Avenue, London, SW1A 1BB',51),(351,'Sophia Lewis','1994-04-09','56 Elm Crescent, Manchester, M1 2CC',52),(352,'Grace Foster','1995-11-22','78 Birch Lane, Birmingham, B1 3DD',53),(353,'Mason White','1987-09-05','12 Maple Path, Leeds, LS1 4EE',54),(354,'Olivia Robinson','1993-06-17','34 Oakwood Crescent, Glasgow, G1 5FF',55),(355,'Noah Bailey','1986-08-19','23 Willow Gardens, Bristol, BS1 6GG',56),(356,'Charlotte Taylor','1991-12-13','42 Cedar Walk, Liverpool, L1 7HH',57),(357,'Benjamin Kelly','1988-03-20','89 Maple Crescent, Sheffield, S1 8II',58),(358,'Zoe Johnson','1992-10-27','19 Elm Street, Nottingham, NG1 9JJ',59),(359,'Grace Carter','1984-05-14','78 Oakwood Lane, Edinburgh, EH1 0KK',60),(360,'Henry Parker','1997-01-11','12 Maple Avenue, Cardiff, CF1 1LL',61),(361,'Sophia Robinson','1989-04-28','56 Willow Grove, Belfast, BT1 2MM',62),(362,'Mason Russell','1990-09-06','42 Cedar Crescent, Newcastle, NE1 3NN',63),(363,'Olivia Turner','1985-02-01','23 Birch Walk, Southampton, SO1 4OO',64),(364,'Ethan Hall','1994-11-09','91 Maple Drive, Plymouth, PL1 5PP',65),(365,'Grace White','1993-02-23','34 Oakwood Gardens, Norwich, NR1 6QQ',66),(366,'Benjamin Adams','1986-12-31','19 Willow Path, Leicester, LE1 7RR',67),(367,'Lucas Taylor','1995-08-03','78 Birch Lane, Coventry, CV1 8SS',68),(368,'Charlotte Johnson','1988-01-18','12 Cedar Road, York, YO1 9TT',69),(369,'Noah Kelly','1984-10-26','56 Elm Walk, Hull, HU1 0UU',70),(370,'Ethan White','1992-03-22','23 Willow Lane, London, SW1A 1BB',71),(371,'Sophia Bailey','1987-05-17','56 Maple Path, Manchester, M1 2CC',72),(372,'Grace Adams','1990-11-05','78 Oakwood Crescent, Birmingham, B1 3DD',73),(373,'Mason Harris','1985-02-08','34 Birch Walk, Leeds, LS1 4EE',74),(374,'Olivia Russell','1994-12-18','19 Elm Avenue, Glasgow, G1 5FF',75),(375,'Noah Kelly','1989-07-26','89 Willow Gardens, Bristol, BS1 6GG',76),(376,'Charlotte Johnson','1983-01-13','42 Cedar Drive, Liverpool, L1 7HH',77),(377,'Benjamin Taylor','1991-09-24','23 Elm Crescent, Sheffield, S1 8II',78),(378,'Amelia Hall','1997-06-21','56 Maple Avenue, Nottingham, NG1 9JJ',79),(379,'Lucas Carter','1993-10-12','12 Birch Path, Edinburgh, EH1 0KK',80),(380,'Zoe Adams','1992-08-30','78 Oakwood Lane, Cardiff, CF1 1LL',81),(381,'Henry Parker','1984-04-27','34 Willow Path, Belfast, BT1 2MM',82),(382,'Grace Robinson','1995-03-15','89 Maple Gardens, Newcastle, NE1 3NN',83),(383,'Ethan Bailey','1990-07-02','42 Cedar Crescent, Southampton, SO1 4OO',84),(384,'Mason White','1986-06-14','19 Birch Lane, Plymouth, PL1 5PP',85),(385,'Sophia Harris','1988-12-01','56 Elm Road, Norwich, NR1 6QQ',86),(386,'Olivia Johnson','1991-11-09','23 Oakwood Crescent, Leicester, LE1 7RR',87),(387,'Lucas Russell','1989-02-13','12 Willow Walk, Coventry, CV1 8SS',88),(388,'Charlotte Foster','1994-05-29','34 Maple Drive, York, YO1 9TT',89),(389,'Noah Scott','1983-09-06','42 Elm Grove, Hull, HU1 0UU',90),(390,'Ethan White','1991-04-15','12 Maple Crescent, London, SW1A 1BB',91),(391,'Grace Parker','1987-03-28','56 Oakwood Path, Manchester, M1 2CC',92),(392,'Noah Robinson','1995-12-11','78 Birch Lane, Birmingham, B1 3DD',93),(393,'Sophia Hall','1990-05-17','42 Willow Walk, Leeds, LS1 4EE',94),(394,'Lucas Adams','1984-11-22','19 Elm Crescent, Glasgow, G1 5FF',95),(395,'Charlotte Scott','1989-09-09','89 Maple Gardens, Bristol, BS1 6GG',96),(396,'Benjamin Foster','1993-01-13','23 Willow Avenue, Liverpool, L1 7HH',97),(397,'Zoe Taylor','1986-07-25','34 Elm Lane, Sheffield, S1 8II',98),(398,'Mason White','1992-02-08','12 Maple Walk, Nottingham, NG1 9JJ',99),(399,'Olivia Kelly','1988-08-30','56 Birch Crescent, Edinburgh, EH1 0KK',100),(400,'Henry Robinson','1985-03-19','89 Maple Path, Cardiff, CF1 1LL',1),(401,'Grace Lewis','1994-06-14','42 Willow Gardens, Belfast, BT1 2MM',2),(402,'Sophia Foster','1992-09-03','78 Birch Grove, Newcastle, NE1 3NN',3),(403,'Lucas Bailey','1991-01-11','23 Oakwood Walk, Southampton, SO1 4OO',4),(404,'Ethan Hall','1987-08-29','19 Elm Avenue, Plymouth, PL1 5PP',5),(405,'Charlotte Adams','1993-02-22','56 Willow Path, Norwich, NR1 6QQ',6),(406,'Benjamin Kelly','1989-10-07','12 Cedar Crescent, Leicester, LE1 7RR',7),(407,'Mason Harris','1995-07-19','34 Maple Grove, Coventry, CV1 8SS',8),(408,'Grace Taylor','1984-12-24','42 Oakwood Path, York, YO1 9TT',9),(409,'Noah Parker','1990-03-30','56 Willow Lane, Hull, HU1 0UU',10),(410,'Sophia Murphy','1988-11-15','78 Birch Crescent, Derby, DE1 1BB',11),(411,'Lucas Johnson','1986-04-04','19 Elm Gardens, Brighton, BN1 2CC',12),(412,'Zoe Bailey','1994-09-17','23 Oakwood Lane, Oxford, OX1 3DD',13),(413,'Ethan White','1992-05-12','42 Maple Path, Cambridge, CB1 4EE',14),(414,'Olivia Carter','1983-06-28','89 Birch Walk, Bath, BA1 5FF',15),(415,'Mason Russell','1989-12-20','56 Willow Crescent, Swansea, SA1 6GG',16),(416,'Benjamin Hall','1991-07-14','34 Elm Drive, Reading, RG1 7HH',17),(417,'Henry Adams','1985-02-25','23 Willow Lane, Milton Keynes, MK1 8II',18),(418,'Grace Foster','1993-11-03','19 Birch Road, Ipswich, IP1 9JJ',19),(419,'Noah Lewis','1987-09-22','78 Oakwood Walk, Bournemouth, BH1 0KK',20),(420,'Sophia Adams','1994-01-15','42 Elm Road, London, SW1A 1BB',21),(421,'Ethan Johnson','1991-02-22','56 Maple Crescent, Manchester, M1 2CC',22),(422,'Grace Robinson','1989-08-10','78 Willow Path, Birmingham, B1 3DD',23),(423,'Mason Turner','1995-03-25','34 Birch Lane, Leeds, LS1 4EE',24),(424,'Charlotte Taylor','1988-06-30','23 Maple Avenue, Glasgow, G1 5FF',25),(425,'Lucas Foster','1993-12-11','42 Willow Gardens, Bristol, BS1 6GG',26),(426,'Benjamin Carter','1985-07-19','19 Cedar Crescent, Liverpool, L1 7HH',27),(427,'Noah White','1990-04-09','56 Maple Drive, Sheffield, S1 8II',28),(428,'Zoe Parker','1992-11-23','78 Birch Walk, Nottingham, NG1 9JJ',29),(429,'Olivia Lewis','1987-01-14','89 Willow Grove, Edinburgh, EH1 0KK',30),(430,'Henry Johnson','1984-05-16','23 Elm Crescent, Cardiff, CF1 1LL',31),(431,'Grace Adams','1991-09-30','42 Maple Path, Belfast, BT1 2MM',32),(432,'Sophia Robinson','1983-11-07','78 Oakwood Lane, Newcastle, NE1 3NN',33),(433,'Ethan Hall','1989-06-25','56 Willow Crescent, Southampton, SO1 4OO',34),(434,'Lucas Kelly','1994-12-02','19 Birch Path, Plymouth, PL1 5PP',35),(435,'Charlotte Carter','1990-07-14','89 Maple Crescent, Norwich, NR1 6QQ',36),(436,'Mason Adams','1987-08-09','23 Willow Gardens, Leicester, LE1 7RR',37),(437,'Benjamin Turner','1992-03-17','12 Elm Road, Coventry, CV1 8SS',38),(438,'Olivia Foster','1986-10-27','34 Oakwood Drive, York, YO1 9TT',39),(439,'Grace White','1995-04-19','56 Willow Lane, Hull, HU1 0UU',40),(440,'Zoe Taylor','1988-01-23','19 Maple Walk, Derby, DE1 1BB',41),(441,'Noah Robinson','1993-08-08','78 Cedar Path, Brighton, BN1 2CC',42),(442,'Mason Harris','1991-12-13','42 Elm Grove, Oxford, OX1 3DD',43),(443,'Ethan Johnson','1994-11-22','12 Maple Lane, Cambridge, CB1 4EE',44),(444,'Lucas Adams','1985-03-21','34 Willow Crescent, Bath, BA1 5FF',45),(445,'Charlotte Adams','1989-02-17','23 Birch Street, Swansea, SA1 6GG',46),(446,'Henry Russell','1997-01-27','56 Maple Avenue, Reading, RG1 7HH',47),(447,'Benjamin Scott','1990-10-15','19 Cedar Walk, Milton Keynes, MK1 8II',48),(448,'Sophia Hall','1993-09-03','42 Elm Gardens, Ipswich, IP1 9JJ',49),(449,'Noah Taylor','1986-04-12','56 Oakwood Path, Bournemouth, BH1 0KK',50),(450,'Ethan White','1992-01-10','23 Willow Gardens, London, SW1A 1BB',51),(451,'Grace Bailey','1988-04-18','42 Maple Path, Manchester, M1 2CC',52),(452,'Mason Adams','1991-07-15','78 Birch Lane, Birmingham, B1 3DD',53),(453,'Sophia Robinson','1995-05-27','34 Willow Avenue, Leeds, LS1 4EE',54),(454,'Olivia Hall','1987-08-14','19 Maple Grove, Glasgow, G1 5FF',55),(455,'Lucas Johnson','1990-02-12','56 Oakwood Walk, Bristol, BS1 6GG',56),(456,'Charlotte Foster','1993-11-22','89 Cedar Drive, Liverpool, L1 7HH',57),(457,'Benjamin Carter','1985-09-09','23 Elm Crescent, Sheffield, S1 8II',58),(458,'Zoe Taylor','1992-03-30','42 Birch Lane, Nottingham, NG1 9JJ',59),(459,'Grace White','1983-12-05','34 Maple Walk, Edinburgh, EH1 0KK',60),(460,'Ethan Robinson','1989-06-29','19 Willow Path, Cardiff, CF1 1LL',61),(461,'Sophia Adams','1994-10-03','56 Elm Gardens, Belfast, BT1 2MM',62),(462,'Noah Kelly','1987-02-27','12 Oakwood Crescent, Newcastle, NE1 3NN',63),(463,'Mason Harris','1990-08-13','78 Birch Street, Southampton, SO1 4OO',64),(464,'Olivia Johnson','1986-11-21','42 Maple Lane, Plymouth, PL1 5PP',65),(465,'Charlotte Russell','1993-03-19','23 Cedar Avenue, Norwich, NR1 6QQ',66),(466,'Henry Taylor','1995-09-07','89 Elm Path, Leicester, LE1 7RR',67),(467,'Lucas Bailey','1984-06-17','12 Willow Crescent, Coventry, CV1 8SS',68),(468,'Zoe Hall','1997-04-14','34 Maple Walk, York, YO1 9TT',69),(469,'Grace Lewis','1990-01-30','56 Birch Crescent, Hull, HU1 0UU',70),(470,'Sophia White','1986-03-23','19 Willow Gardens, Derby, DE1 1BB',71),(471,'Ethan Adams','1994-09-11','42 Elm Lane, Brighton, BN1 2CC',72),(472,'Mason Scott','1983-11-15','78 Maple Grove, Oxford, OX1 3DD',73),(473,'Lucas Foster','1988-07-06','23 Willow Lane, Cambridge, CB1 4EE',74),(474,'Benjamin Turner','1991-12-16','56 Birch Gardens, Bath, BA1 5FF',75),(475,'Olivia Russell','1993-02-03','12 Maple Crescent, Swansea, SA1 6GG',76),(476,'Grace Robinson','1989-10-09','19 Oakwood Path, Reading, RG1 7HH',77),(477,'Noah Taylor','1985-05-01','34 Cedar Walk, Milton Keynes, MK1 8II',78),(478,'Ethan Parker','1990-11-18','42 Willow Path, Ipswich, IP1 9JJ',79),(479,'Sophia Adams','1987-08-25','23 Maple Lane, Bournemouth, BH1 0KK',80),(480,'Ethan Clarke','1989-04-15','56 Maple Grove, London, SW1A 1BB',81),(481,'Sophia Lewis','1994-05-19','78 Elm Walk, Manchester, M1 2CC',82),(482,'Grace Robinson','1987-03-11','34 Willow Crescent, Birmingham, B1 3DD',83),(483,'Mason Adams','1990-08-25','42 Oakwood Drive, Leeds, LS1 4EE',84),(484,'Olivia Taylor','1993-01-22','12 Birch Avenue, Glasgow, G1 5FF',85),(485,'Charlotte Hall','1986-07-09','23 Cedar Path, Bristol, BS1 6GG',86),(486,'Benjamin Johnson','1991-09-14','19 Maple Crescent, Liverpool, L1 7HH',87),(487,'Zoe Carter','1995-02-28','89 Elm Gardens, Sheffield, S1 8II',88),(488,'Grace White','1984-11-05','56 Oakwood Lane, Nottingham, NG1 9JJ',89),(489,'Ethan Bailey','1988-06-19','42 Birch Grove, Edinburgh, EH1 0KK',90),(490,'Henry Robinson','1992-04-30','23 Maple Crescent, Cardiff, CF1 1LL',91),(491,'Lucas Taylor','1989-12-25','34 Willow Lane, Belfast, BT1 2MM',92),(492,'Grace Parker','1987-07-17','78 Elm Grove, Newcastle, NE1 3NN',93),(493,'Sophia Johnson','1994-03-18','42 Maple Crescent, Southampton, SO1 4OO',94),(494,'Mason Harris','1990-09-13','12 Birch Crescent, Plymouth, PL1 5PP',95),(495,'Olivia Robinson','1993-11-09','89 Oakwood Avenue, Norwich, NR1 6QQ',96),(496,'Ethan Hall','1985-08-14','23 Cedar Grove, Leicester, LE1 7RR',97),(497,'Zoe Adams','1991-01-28','56 Willow Path, Coventry, CV1 8SS',98),(498,'Benjamin Carter','1988-02-22','34 Maple Lane, York, YO1 9TT',99),(499,'Grace White','1996-06-13','78 Elm Road, Hull, HU1 0UU',100),(500,'Noah Taylor','1983-10-15','42 Oakwood Path, Derby, DE1 1BB',1),(501,'Charlotte Russell','1989-09-24','19 Cedar Walk, Brighton, BN1 2CC',2),(502,'Henry Foster','1995-05-30','89 Maple Grove, Oxford, OX1 3DD',3),(503,'Amelia Scott','1987-12-07','23 Willow Crescent, Cambridge, CB1 4EE',4),(504,'Lucas Adams','1993-04-20','56 Elm Path, Bath, BA1 5FF',5),(505,'Zoe Kelly','1990-02-27','78 Birch Gardens, Swansea, SA1 6GG',6),(506,'Ethan White','1984-07-05','42 Oakwood Avenue, Reading, RG1 7HH',7),(507,'Grace Bailey','1991-06-10','12 Maple Walk, Milton Keynes, MK1 8II',8),(508,'Benjamin Johnson','1985-09-16','34 Willow Lane, Ipswich, IP1 9JJ',9),(509,'Sophia Adams','1994-03-28','19 Cedar Grove, Bournemouth, BH1 0KK',10),(510,'Mason Turner','1988-12-17','89 Elm Gardens, London, SW1A 1BB',11),(511,'Olivia Carter','1992-11-04','23 Willow Road, Manchester, M1 2CC',12),(512,'Henry Parker','1983-05-21','56 Maple Avenue, Birmingham, B1 3DD',13),(513,'Grace Robinson','1990-01-01','34 Oakwood Path, Leeds, LS1 4EE',14),(514,'Ethan Harris','1995-10-25','78 Birch Lane, Glasgow, G1 5FF',15),(515,'Charlotte Taylor','1991-08-15','12 Elm Walk, Bristol, BS1 6GG',16),(516,'Mason Johnson','1986-03-29','42 Willow Path, Liverpool, L1 7HH',17),(517,'Sophia Hall','1994-09-05','19 Maple Lane, Sheffield, S1 8II',18),(518,'Noah White','1987-06-23','56 Cedar Crescent, Nottingham, NG1 9JJ',19),(519,'Lucas Foster','1991-03-11','78 Elm Drive, Edinburgh, EH1 0KK',20),(520,'Grace Adams','1992-03-15','34 Willow Lane, London, SW1A 1BB',21),(521,'Olivia Johnson','1985-11-18','42 Elm Crescent, Manchester, M1 2CC',22),(522,'Mason Taylor','1991-07-09','78 Birch Path, Birmingham, B1 3DD',23),(523,'Sophia Parker','1994-06-28','12 Oakwood Avenue, Leeds, LS1 4EE',24),(524,'Lucas Russell','1983-10-23','23 Maple Grove, Glasgow, G1 5FF',25),(525,'Ethan Hall','1987-01-14','89 Willow Walk, Bristol, BS1 6GG',26),(526,'Charlotte Kelly','1995-12-11','19 Elm Crescent, Liverpool, L1 7HH',27),(527,'Benjamin Robinson','1988-08-01','56 Birch Gardens, Sheffield, S1 8II',28),(528,'Zoe Carter','1990-02-03','34 Maple Drive, Nottingham, NG1 9JJ',29),(529,'Henry Taylor','1984-05-19','12 Willow Path, Edinburgh, EH1 0KK',30),(530,'Sophia White','1992-01-28','42 Elm Gardens, Cardiff, CF1 1LL',31),(531,'Mason Adams','1994-08-15','23 Oakwood Grove, Belfast, BT1 2MM',32),(532,'Lucas Johnson','1986-04-06','89 Maple Path, Newcastle, NE1 3NN',33),(533,'Grace Robinson','1990-03-21','56 Willow Crescent, Southampton, SO1 4OO',34),(534,'Noah Parker','1993-09-27','34 Birch Lane, Plymouth, PL1 5PP',35),(535,'Ethan Lewis','1995-07-12','78 Maple Walk, Norwich, NR1 6QQ',36),(536,'Charlotte Foster','1989-02-16','42 Oakwood Lane, Leicester, LE1 7RR',37),(537,'Benjamin Adams','1997-11-30','19 Willow Lane, Coventry, CV1 8SS',38),(538,'Olivia Bailey','1991-09-11','56 Cedar Road, York, YO1 9TT',39),(539,'Lucas Kelly','1987-06-24','12 Maple Avenue, Hull, HU1 0UU',40),(540,'Mason Robinson','1984-12-13','89 Willow Grove, Derby, DE1 1BB',41),(541,'Grace Turner','1992-04-14','23 Elm Walk, Brighton, BN1 2CC',42),(542,'Sophia Harris','1988-08-21','42 Birch Gardens, Oxford, OX1 3DD',43),(543,'Ethan Adams','1993-06-18','34 Maple Path, Cambridge, CB1 4EE',44),(544,'Charlotte White','1990-10-02','56 Willow Crescent, Bath, BA1 5FF',45),(545,'Benjamin Taylor','1989-01-15','19 Oakwood Path, Swansea, SA1 6GG',46),(546,'Olivia Robinson','1986-05-25','89 Birch Street, Reading, RG1 7HH',47),(547,'Noah Russell','1991-03-19','12 Elm Grove, Milton Keynes, MK1 8II',48),(548,'Henry Scott','1995-02-23','23 Maple Lane, Ipswich, IP1 9JJ',49),(549,'Grace Johnson','1987-11-30','42 Willow Drive, Bournemouth, BH1 0KK',50),(550,'Amelia Collins','1984-12-11','12 Birch Lane, London, SW1A 1BB',51),(551,'Ethan Lewis','1990-03-15','34 Maple Path, Manchester, M1 2CC',52),(552,'Sophia Harris','1992-07-22','56 Elm Gardens, Birmingham, B1 3DD',53),(553,'Noah Adams','1987-05-10','23 Willow Crescent, Leeds, LS1 4EE',54),(554,'Charlotte Scott','1994-08-18','42 Oakwood Drive, Glasgow, G1 5FF',55),(555,'Lucas Johnson','1995-09-30','89 Birch Walk, Bristol, BS1 6GG',56),(556,'Grace Robinson','1986-11-04','19 Maple Crescent, Liverpool, L1 7HH',57),(557,'Mason White','1993-04-28','78 Elm Avenue, Sheffield, S1 8II',58),(558,'Zoe Taylor','1988-02-25','12 Maple Lane, Nottingham, NG1 9JJ',59),(559,'Benjamin Parker','1983-10-05','34 Willow Path, Edinburgh, EH1 0KK',60),(560,'Grace Bailey','1989-03-15','12 Maple Grove, London, SW1A 1BB',62),(561,'Ethan Harris','1995-08-10','34 Elm Path, Manchester, M1 2CC',63),(562,'Sophia Johnson','1984-07-22','56 Willow Lane, Birmingham, B1 3DD',64),(563,'Lucas Adams','1990-11-05','23 Birch Avenue, Leeds, LS1 4EE',65),(564,'Charlotte Parker','1993-06-18','42 Maple Crescent, Glasgow, G1 5FF',66),(565,'Mason Robinson','1987-02-19','78 Elm Walk, Bristol, BS1 6GG',67),(566,'Benjamin Carter','1994-04-29','19 Oakwood Grove, Liverpool, L1 7HH',68),(567,'Zoe Taylor','1983-12-12','89 Cedar Drive, Sheffield, S1 8II',69),(568,'Noah Adams','1988-09-06','12 Elm Lane, Nottingham, NG1 9JJ',70),(569,'Grace Robinson','1997-10-08','34 Maple Path, Edinburgh, EH1 0KK',71),(570,'Ethan White','1985-05-21','56 Birch Crescent, Cardiff, CF1 1LL',72),(571,'Charlotte Harris','1992-01-02','23 Willow Gardens, Belfast, BT1 2MM',73),(572,'Olivia Kelly','1986-03-17','78 Maple Lane, Newcastle, NE1 3NN',74),(573,'Mason Scott','1991-07-11','42 Elm Avenue, Southampton, SO1 4OO',75),(574,'Sophia Taylor','1989-10-24','12 Oakwood Crescent, Plymouth, PL1 5PP',76),(575,'Benjamin Adams','1995-12-18','34 Birch Gardens, Norwich, NR1 6QQ',77),(576,'Grace Hall','1984-06-14','56 Maple Drive, Leicester, LE1 7RR',78),(577,'Ethan Parker','1990-04-09','19 Willow Path, Coventry, CV1 8SS',79),(578,'Noah Taylor','1987-01-27','23 Oakwood Grove, York, YO1 9TT',80),(579,'Lucas Johnson','1994-02-14','12 Maple Crescent, Hull, HU1 0UU',81),(580,'Grace Bailey','1989-03-15','12 Maple Grove, London, SW1A 1BB',62),(581,'Ethan Harris','1995-08-10','34 Elm Path, Manchester, M1 2CC',63),(582,'Sophia Johnson','1984-07-22','56 Willow Lane, Birmingham, B1 3DD',64),(583,'Lucas Adams','1990-11-05','23 Birch Avenue, Leeds, LS1 4EE',65),(584,'Charlotte Parker','1993-06-18','42 Maple Crescent, Glasgow, G1 5FF',66),(585,'Mason Robinson','1987-02-19','78 Elm Walk, Bristol, BS1 6GG',67),(586,'Benjamin Carter','1994-04-29','19 Oakwood Grove, Liverpool, L1 7HH',68),(587,'Zoe Taylor','1983-12-12','89 Cedar Drive, Sheffield, S1 8II',69),(588,'Noah Adams','1988-09-06','12 Elm Lane, Nottingham, NG1 9JJ',70),(589,'Grace Robinson','1997-10-08','34 Maple Path, Edinburgh, EH1 0KK',71),(590,'Ethan White','1985-05-21','56 Birch Crescent, Cardiff, CF1 1LL',72),(591,'Charlotte Harris','1992-01-02','23 Willow Gardens, Belfast, BT1 2MM',73),(592,'Olivia Kelly','1986-03-17','78 Maple Lane, Newcastle, NE1 3NN',74),(593,'Mason Scott','1991-07-11','42 Elm Avenue, Southampton, SO1 4OO',75),(594,'Sophia Taylor','1989-10-24','12 Oakwood Crescent, Plymouth, PL1 5PP',76),(595,'Benjamin Adams','1995-12-18','34 Birch Gardens, Norwich, NR1 6QQ',77),(596,'Grace Hall','1984-06-14','56 Maple Drive, Leicester, LE1 7RR',78),(597,'Ethan Parker','1990-04-09','19 Willow Path, Coventry, CV1 8SS',79),(598,'Noah Taylor','1987-01-27','23 Oakwood Grove, York, YO1 9TT',80),(599,'Lucas Johnson','1994-02-14','12 Maple Crescent, Hull, HU1 0UU',81),(600,'Charlotte Harris','1992-05-21','12 Oakwood Lane, London, SW1A 1BB',82);
/*!40000 ALTER TABLE `patients` ENABLE KEYS */;
UNLOCK TABLES;

--
-- Table structure for table `prescriptions`
--

DROP TABLE IF EXISTS `prescriptions`;
/*!40101 SET @saved_cs_client     = @@character_set_client */;
/*!50503 SET character_set_client = utf8mb4 */;
CREATE TABLE `prescriptions` (
  `ID` int unsigned NOT NULL AUTO_INCREMENT,
  `Medication_ID` int unsigned NOT NULL,
  `Patient_ID` int unsigned NOT NULL,
  `Doctor_ID` int unsigned NOT NULL,
  `Date_Of_Prescription` date NOT NULL,
  PRIMARY KEY (`ID`),
  KEY `Medication_ID` (`Medication_ID`),
  KEY `Patient_ID` (`Patient_ID`),
  KEY `Doctor_ID` (`Doctor_ID`),
  CONSTRAINT `prescriptions_ibfk_1` FOREIGN KEY (`Medication_ID`) REFERENCES `medications` (`ID`),
  CONSTRAINT `prescriptions_ibfk_2` FOREIGN KEY (`Patient_ID`) REFERENCES `patients` (`ID`),
  CONSTRAINT `prescriptions_ibfk_3` FOREIGN KEY (`Doctor_ID`) REFERENCES `doctors` (`ID`)
) ENGINE=InnoDB AUTO_INCREMENT=501 DEFAULT CHARSET=utf8mb4 COLLATE=utf8mb4_0900_ai_ci;
/*!40101 SET character_set_client = @saved_cs_client */;

--
-- Dumping data for table `prescriptions`
--

LOCK TABLES `prescriptions` WRITE;
/*!40000 ALTER TABLE `prescriptions` DISABLE KEYS */;
INSERT INTO `prescriptions` VALUES (1,25,423,36,'2024-09-12'),(2,29,13,97,'2023-05-22'),(3,25,336,50,'2024-04-11'),(4,18,451,74,'2023-11-04'),(5,24,231,88,'2023-07-24'),(6,1,364,25,'2023-11-20'),(7,4,497,78,'2024-04-04'),(8,16,362,5,'2023-05-24'),(9,15,51,48,'2024-04-27'),(10,18,40,54,'2023-07-05'),(11,27,575,1,'2023-11-09'),(12,10,59,34,'2024-09-12'),(13,4,299,80,'2024-03-09'),(14,29,335,20,'2023-05-19'),(15,4,49,68,'2023-11-19'),(16,10,250,97,'2023-12-11'),(17,16,304,97,'2023-02-27'),(18,2,421,31,'2023-08-27'),(19,3,552,30,'2024-10-04'),(20,7,219,6,'2024-11-12'),(21,30,125,23,'2023-11-02'),(22,18,544,28,'2024-11-24'),(23,9,581,66,'2023-07-15'),(24,23,547,20,'2023-03-25'),(25,11,47,48,'2024-06-19'),(26,24,537,12,'2024-12-20'),(27,29,465,88,'2024-05-23'),(28,20,109,39,'2023-04-29'),(29,24,227,75,'2024-05-28'),(30,8,99,65,'2024-10-14'),(31,12,283,41,'2024-11-20'),(32,10,523,46,'2024-07-11'),(33,8,400,50,'2024-06-18'),(34,5,582,31,'2023-01-21'),(35,11,537,8,'2023-07-14'),(36,9,295,94,'2024-05-31'),(37,26,136,86,'2023-03-27'),(38,24,96,97,'2023-04-29'),(39,3,171,30,'2024-07-11'),(40,30,82,86,'2023-04-06'),(41,2,539,99,'2023-01-07'),(42,26,381,28,'2024-09-04'),(43,15,357,68,'2024-02-07'),(44,5,300,89,'2023-05-18'),(45,10,224,7,'2023-10-25'),(46,17,427,71,'2024-09-02'),(47,23,208,28,'2023-01-07'),(48,9,536,61,'2024-05-19'),(49,12,151,6,'2024-05-27'),(50,23,566,84,'2023-04-01'),(51,30,22,26,'2024-02-23'),(52,24,8,65,'2024-03-27'),(53,9,107,46,'2024-07-18'),(54,1,63,85,'2023-09-28'),(55,21,54,57,'2023-03-26'),(56,23,222,8,'2024-12-22'),(57,14,123,31,'2024-01-15'),(58,15,309,2,'2024-03-10'),(59,9,190,19,'2023-07-31'),(60,17,202,47,'2024-09-15'),(61,7,102,44,'2024-08-16'),(62,25,39,2,'2023-10-25'),(63,12,102,56,'2024-05-17'),(64,1,215,93,'2023-08-14'),(65,12,173,88,'2023-05-30'),(66,3,197,17,'2024-10-24'),(67,17,588,7,'2023-05-20'),(68,14,363,3,'2024-02-24'),(69,6,586,54,'2024-01-17'),(70,26,545,85,'2023-05-05'),(71,10,489,57,'2023-07-09'),(72,10,21,70,'2023-06-29'),(73,5,336,26,'2024-10-09'),(74,23,52,57,'2023-10-07'),(75,5,597,58,'2023-04-16'),(76,5,98,15,'2023-08-04'),(77,14,163,20,'2023-02-03'),(78,25,312,91,'2023-06-10'),(79,8,438,70,'2023-05-03'),(80,25,114,86,'2024-04-08'),(81,13,335,56,'2023-09-27'),(82,22,212,5,'2023-11-05'),(83,7,65,64,'2024-09-18'),(84,15,309,17,'2023-10-20'),(85,3,347,12,'2024-02-20'),(86,19,513,60,'2023-05-14'),(87,14,181,68,'2023-02-07'),(88,1,170,55,'2023-06-05'),(89,24,545,85,'2023-02-20'),(90,12,306,50,'2023-11-16'),(91,6,554,42,'2023-03-21'),(92,5,278,37,'2024-08-15'),(93,11,110,13,'2023-12-12'),(94,4,442,32,'2024-02-06'),(95,7,301,99,'2023-12-21'),(96,2,505,49,'2023-03-27'),(97,3,301,9,'2024-12-10'),(98,5,124,90,'2024-11-01'),(99,12,415,52,'2023-06-16'),(100,5,546,52,'2023-01-22'),(101,20,105,94,'2023-08-14'),(102,5,126,37,'2024-09-07'),(103,14,549,28,'2024-09-05'),(104,15,172,74,'2024-12-02'),(105,30,7,99,'2025-01-01'),(106,26,72,19,'2023-07-01'),(107,18,356,48,'2023-02-14'),(108,4,102,99,'2024-02-10'),(109,28,151,43,'2024-10-28'),(110,18,254,23,'2023-08-14'),(111,21,165,75,'2024-12-23'),(112,8,293,68,'2023-06-20'),(113,22,170,20,'2024-05-09'),(114,5,498,63,'2024-03-27'),(115,6,114,54,'2024-10-02'),(116,11,96,45,'2023-08-11'),(117,6,452,29,'2023-01-21'),(118,24,340,54,'2024-05-28'),(119,28,526,81,'2024-07-09'),(120,14,353,2,'2024-02-21'),(121,2,549,65,'2024-10-15'),(122,27,200,82,'2024-01-17'),(123,22,527,18,'2023-08-10'),(124,17,93,26,'2024-08-28'),(125,16,372,13,'2023-06-26'),(126,4,67,51,'2023-10-29'),(127,2,457,78,'2023-01-26'),(128,22,295,36,'2024-12-29'),(129,9,274,63,'2024-02-22'),(130,23,575,76,'2024-02-02'),(131,26,520,61,'2023-12-22'),(132,19,572,60,'2024-06-17'),(133,1,176,62,'2024-06-10'),(134,16,231,77,'2024-07-20'),(135,16,114,60,'2023-06-26'),(136,23,163,30,'2023-02-15'),(137,27,13,10,'2024-12-06'),(138,1,113,23,'2024-06-05'),(139,19,143,60,'2023-05-04'),(140,29,335,94,'2024-03-13'),(141,14,52,3,'2024-12-31'),(142,4,600,54,'2023-05-08'),(143,24,248,71,'2023-10-12'),(144,21,348,25,'2023-04-06'),(145,6,145,89,'2024-05-22'),(146,28,63,76,'2024-04-16'),(147,10,255,79,'2024-09-05'),(148,7,342,73,'2024-05-16'),(149,6,378,57,'2023-01-07'),(150,25,469,47,'2023-02-02'),(151,30,366,22,'2023-09-15'),(152,9,67,54,'2024-07-25'),(153,30,270,32,'2024-07-31'),(154,23,137,43,'2023-12-03'),(155,3,331,42,'2023-09-10'),(156,9,112,63,'2024-11-19'),(157,10,39,1,'2023-03-22'),(158,28,33,33,'2023-01-14'),(159,28,31,99,'2024-03-20'),(160,12,426,31,'2024-07-12'),(161,14,488,6,'2024-12-02'),(162,29,110,81,'2023-12-07'),(163,15,421,12,'2023-06-25'),(164,14,529,17,'2024-11-14'),(165,9,115,66,'2023-02-03'),(166,20,50,25,'2023-11-04'),(167,13,347,41,'2024-03-22'),(168,8,163,90,'2023-02-04'),(169,21,246,4,'2024-09-30'),(170,10,85,64,'2024-05-17'),(171,16,211,20,'2024-01-03'),(172,19,295,47,'2023-05-18'),(173,29,424,16,'2023-12-20'),(174,30,367,62,'2023-07-25'),(175,3,350,58,'2024-04-24'),(176,26,514,3,'2024-06-01'),(177,18,185,75,'2023-05-19'),(178,16,278,74,'2024-04-13'),(179,4,390,59,'2023-08-25'),(180,23,36,4,'2024-11-10'),(181,13,359,64,'2023-02-17'),(182,30,180,66,'2023-06-13'),(183,7,458,5,'2024-12-10'),(184,20,164,51,'2024-10-03'),(185,14,448,14,'2024-04-12'),(186,8,519,56,'2023-06-27'),(187,30,557,95,'2024-06-06'),(188,13,354,7,'2023-10-07'),(189,9,548,98,'2024-01-09'),(190,1,22,48,'2024-01-02'),(191,21,153,97,'2023-07-03'),(192,13,4,35,'2024-05-25'),(193,15,24,9,'2024-03-26'),(194,24,27,50,'2024-08-14'),(195,22,217,86,'2024-03-25'),(196,21,91,13,'2023-12-07'),(197,19,196,76,'2023-01-13'),(198,7,359,25,'2023-04-01'),(199,8,465,86,'2024-09-30'),(200,4,214,75,'2023-06-04'),(201,7,192,7,'2023-10-14'),(202,13,442,74,'2023-06-03'),(203,22,43,23,'2023-09-15'),(204,17,232,38,'2024-06-15'),(205,20,312,79,'2024-03-31'),(206,12,354,86,'2025-01-03'),(207,19,46,28,'2024-08-16'),(208,25,504,77,'2023-09-26'),(209,10,59,73,'2023-01-31'),(210,8,89,12,'2023-02-26'),(211,18,377,74,'2023-09-15'),(212,20,123,85,'2023-05-11'),(213,10,450,51,'2023-12-23'),(214,2,87,2,'2023-06-06'),(215,7,3,28,'2023-01-11'),(216,18,239,32,'2024-10-18'),(217,8,207,55,'2024-03-01'),(218,3,279,92,'2023-12-08'),(219,4,419,85,'2023-10-06'),(220,26,218,4,'2023-04-13'),(221,5,464,46,'2024-10-03'),(222,22,540,73,'2023-09-16'),(223,3,257,77,'2024-06-20'),(224,7,244,38,'2024-09-06'),(225,9,156,31,'2023-01-16'),(226,25,111,58,'2024-03-14'),(227,2,23,66,'2023-06-05'),(228,12,167,33,'2023-08-24'),(229,30,340,48,'2024-05-20'),(230,19,203,99,'2023-10-16'),(231,25,459,75,'2023-05-26'),(232,25,570,60,'2023-03-09'),(233,17,469,73,'2024-11-13'),(234,23,323,12,'2024-06-14'),(235,29,84,56,'2023-04-07'),(236,12,429,7,'2023-01-28'),(237,13,334,73,'2023-10-12'),(238,26,554,71,'2023-11-01'),(239,25,157,35,'2024-08-01'),(240,12,329,23,'2024-09-08'),(241,7,99,62,'2024-09-04'),(242,16,375,63,'2023-01-20'),(243,22,118,49,'2024-08-30'),(244,29,350,47,'2024-08-20'),(245,22,290,76,'2024-03-11'),(246,20,521,70,'2024-09-09'),(247,14,132,52,'2023-10-02'),(248,20,15,16,'2023-11-11'),(249,9,390,91,'2023-05-05'),(250,11,402,66,'2024-11-09'),(251,16,538,3,'2024-01-15'),(252,3,451,80,'2024-03-14'),(253,27,8,58,'2024-08-08'),(254,22,217,78,'2024-09-13'),(255,20,169,26,'2023-03-28'),(256,25,95,70,'2023-03-05'),(257,8,392,36,'2024-06-07'),(258,13,160,66,'2024-02-20'),(259,24,225,60,'2024-02-02'),(260,10,192,57,'2023-06-07'),(261,9,380,26,'2024-04-01'),(262,1,464,45,'2023-04-27'),(263,30,111,45,'2024-06-08'),(264,1,383,1,'2024-09-21'),(265,17,552,30,'2023-02-26'),(266,14,518,20,'2023-11-30'),(267,10,112,40,'2023-03-01'),(268,21,585,48,'2023-08-29'),(269,14,95,50,'2024-01-12'),(270,28,357,37,'2024-06-22'),(271,13,114,90,'2024-10-19'),(272,8,264,41,'2024-08-27'),(273,24,579,75,'2023-10-11'),(274,26,303,11,'2024-12-22'),(275,21,235,26,'2024-06-20'),(276,13,567,65,'2023-08-22'),(277,1,59,3,'2024-10-03'),(278,28,238,18,'2023-12-17'),(279,2,284,95,'2023-09-16'),(280,29,433,61,'2024-11-06'),(281,10,423,92,'2024-05-03'),(282,30,482,14,'2023-11-11'),(283,21,263,59,'2024-06-01'),(284,26,307,31,'2024-01-10'),(285,13,381,93,'2023-05-22'),(286,28,331,2,'2024-11-08'),(287,4,415,90,'2023-03-24'),(288,13,353,33,'2023-05-14'),(289,21,289,61,'2024-01-15'),(290,2,484,18,'2024-08-07'),(291,19,331,41,'2023-05-21'),(292,21,590,54,'2023-02-09'),(293,15,374,44,'2024-05-13'),(294,5,80,97,'2024-01-23'),(295,16,169,50,'2024-08-27'),(296,20,266,65,'2023-03-07'),(297,27,363,88,'2023-09-15'),(298,23,556,45,'2023-04-21'),(299,19,97,14,'2023-11-28'),(300,7,400,61,'2023-01-25'),(301,27,457,97,'2024-12-30'),(302,14,152,65,'2024-02-25'),(303,25,318,26,'2024-01-11'),(304,28,393,61,'2024-03-20'),(305,25,435,2,'2023-12-10'),(306,24,316,86,'2023-11-09'),(307,19,248,73,'2023-05-16'),(308,29,166,77,'2023-11-19'),(309,3,92,4,'2024-05-20'),(310,6,472,15,'2024-08-04'),(311,16,326,78,'2024-07-11'),(312,16,277,47,'2023-01-12'),(313,10,317,53,'2023-01-16'),(314,15,375,60,'2023-01-20'),(315,6,491,73,'2023-03-12'),(316,3,178,39,'2024-07-17'),(317,25,34,30,'2023-08-10'),(318,3,288,41,'2023-02-19'),(319,28,296,85,'2024-06-18'),(320,4,473,42,'2023-05-26'),(321,13,97,46,'2024-10-27'),(322,21,543,14,'2023-09-17'),(323,3,200,80,'2024-02-24'),(324,24,382,7,'2023-08-08'),(325,6,350,83,'2023-03-26'),(326,30,553,66,'2024-08-13'),(327,8,90,15,'2023-06-12'),(328,13,561,37,'2023-03-20'),(329,2,184,4,'2024-07-14'),(330,12,342,8,'2024-03-26'),(331,1,154,39,'2024-08-12'),(332,5,309,75,'2024-09-20'),(333,20,389,4,'2023-07-16'),(334,1,278,30,'2024-06-10'),(335,14,218,91,'2024-04-11'),(336,26,550,87,'2024-05-27'),(337,29,347,2,'2023-01-22'),(338,10,131,88,'2023-06-02'),(339,20,570,31,'2024-05-18'),(340,12,107,81,'2023-02-18'),(341,7,564,17,'2024-04-13'),(342,14,103,12,'2024-06-23'),(343,24,325,77,'2024-02-19'),(344,2,563,59,'2023-02-06'),(345,2,267,97,'2023-04-25'),(346,21,503,53,'2024-07-14'),(347,26,381,64,'2023-07-22'),(348,5,242,22,'2024-03-28'),(349,27,317,6,'2023-04-29'),(350,29,184,8,'2024-10-21'),(351,14,490,41,'2023-09-17'),(352,17,190,23,'2023-01-25'),(353,23,39,39,'2023-03-02'),(354,1,410,64,'2023-02-25'),(355,8,271,95,'2024-07-28'),(356,13,55,78,'2024-10-29'),(357,3,574,57,'2024-07-06'),(358,28,580,47,'2024-06-02'),(359,27,354,49,'2023-06-01'),(360,18,427,22,'2023-02-18'),(361,17,392,61,'2023-04-30'),(362,26,172,88,'2024-12-22'),(363,5,36,46,'2023-05-22'),(364,19,42,70,'2024-03-24'),(365,24,109,47,'2023-08-31'),(366,19,346,84,'2023-03-04'),(367,19,6,45,'2024-10-06'),(368,28,538,32,'2023-03-09'),(369,11,32,96,'2024-10-28'),(370,16,13,6,'2024-09-25'),(371,4,558,88,'2024-08-21'),(372,9,255,87,'2024-06-05'),(373,14,7,74,'2023-05-15'),(374,1,377,71,'2024-07-19'),(375,19,352,63,'2023-06-06'),(376,30,98,17,'2023-05-16'),(377,26,541,59,'2023-07-18'),(378,11,306,47,'2023-06-28'),(379,3,481,87,'2023-01-17'),(380,4,175,46,'2023-01-19'),(381,26,80,62,'2023-12-04'),(382,19,67,4,'2023-08-24'),(383,4,591,46,'2024-11-14'),(384,3,551,78,'2023-03-26'),(385,30,544,5,'2023-08-22'),(386,29,573,38,'2023-08-26'),(387,6,415,79,'2023-06-19'),(388,8,221,18,'2024-03-15'),(389,20,165,46,'2024-07-05'),(390,25,262,87,'2024-11-21'),(391,9,137,7,'2024-05-18'),(392,21,224,72,'2024-06-29'),(393,30,85,85,'2023-05-30'),(394,22,63,38,'2023-12-24'),(395,5,194,33,'2023-02-02'),(396,4,212,79,'2023-05-05'),(397,6,4,47,'2024-04-06'),(398,13,439,14,'2024-11-14'),(399,25,403,92,'2024-05-27'),(400,13,397,70,'2024-06-02'),(401,14,438,40,'2023-07-19'),(402,25,352,12,'2023-11-22'),(403,18,463,96,'2024-07-25'),(404,29,361,22,'2024-04-25'),(405,28,329,30,'2023-07-12'),(406,21,565,24,'2023-07-16'),(407,3,374,80,'2023-04-16'),(408,23,14,73,'2023-10-27'),(409,13,595,52,'2024-07-22'),(410,15,177,17,'2023-08-20'),(411,17,346,14,'2024-05-26'),(412,5,45,60,'2023-08-24'),(413,7,180,4,'2023-04-09'),(414,16,182,34,'2024-05-22'),(415,27,585,59,'2024-05-15'),(416,17,558,54,'2023-06-17'),(417,10,334,77,'2024-09-29'),(418,28,383,47,'2024-05-28'),(419,30,76,60,'2023-01-10'),(420,26,561,1,'2024-06-18'),(421,29,291,28,'2024-07-09'),(422,19,53,85,'2023-12-04'),(423,22,220,61,'2024-08-05'),(424,5,44,3,'2023-12-05'),(425,2,559,15,'2023-07-01'),(426,18,588,100,'2024-09-05'),(427,4,362,64,'2023-07-02'),(428,24,407,10,'2023-03-31'),(429,14,460,91,'2023-09-27'),(430,11,523,51,'2023-09-14'),(431,15,67,33,'2023-08-11'),(432,7,127,87,'2024-12-25'),(433,10,60,4,'2025-01-04'),(434,25,575,64,'2024-05-15'),(435,22,32,2,'2024-10-17'),(436,24,270,33,'2023-02-14'),(437,21,107,95,'2023-03-05'),(438,27,485,77,'2024-06-24'),(439,22,35,3,'2023-03-02'),(440,10,345,71,'2024-05-09'),(441,9,592,81,'2023-01-18'),(442,25,69,23,'2024-08-16'),(443,8,388,9,'2023-11-21'),(444,2,360,26,'2024-07-10'),(445,19,96,74,'2024-04-09'),(446,1,212,70,'2023-10-30'),(447,12,351,62,'2024-06-11'),(448,22,374,75,'2023-12-05'),(449,16,311,63,'2023-09-16'),(450,28,416,12,'2024-01-14'),(451,18,52,41,'2023-12-12'),(452,24,144,24,'2023-04-02'),(453,6,453,10,'2023-05-05'),(454,27,480,10,'2024-09-23'),(455,24,550,20,'2024-08-03'),(456,9,117,4,'2023-04-15'),(457,1,312,100,'2023-06-14'),(458,1,81,39,'2023-08-09'),(459,6,231,95,'2023-10-06'),(460,22,185,49,'2024-09-14'),(461,20,359,23,'2023-04-02'),(462,14,180,46,'2023-05-01'),(463,13,116,16,'2023-05-21'),(464,18,92,36,'2023-11-06'),(465,13,407,3,'2023-08-12'),(466,18,36,52,'2023-10-26'),(467,9,375,22,'2024-06-10'),(468,5,133,27,'2024-05-17'),(469,10,582,96,'2024-06-28'),(470,13,62,7,'2024-10-26'),(471,4,78,60,'2023-07-03'),(472,16,538,75,'2024-07-24'),(473,18,572,56,'2024-05-10'),(474,8,262,94,'2024-02-24'),(475,12,348,90,'2023-11-28'),(476,15,588,19,'2023-03-30'),(477,28,18,95,'2023-03-05'),(478,30,448,20,'2024-04-24'),(479,13,559,85,'2024-11-28'),(480,17,133,64,'2024-06-30'),(481,29,183,23,'2023-08-10'),(482,21,289,34,'2024-07-28'),(483,13,331,31,'2023-07-24'),(484,2,240,40,'2023-12-06'),(485,27,206,92,'2023-06-23'),(486,20,67,57,'2023-07-07'),(487,8,289,62,'2023-06-15'),(488,30,582,42,'2024-10-27'),(489,1,24,92,'2023-09-24'),(490,9,26,41,'2024-12-10'),(491,20,373,17,'2024-10-23'),(492,12,129,64,'2023-09-17'),(493,16,588,85,'2024-10-13'),(494,1,243,41,'2023-07-18'),(495,1,262,62,'2023-08-22'),(496,22,148,82,'2024-12-07'),(497,2,448,24,'2023-08-22'),(498,15,39,50,'2023-06-18'),(499,15,157,69,'2024-01-26'),(500,11,426,69,'2024-01-12');
/*!40000 ALTER TABLE `prescriptions` ENABLE KEYS */;
UNLOCK TABLES;
/*!40103 SET TIME_ZONE=@OLD_TIME_ZONE */;

/*!40101 SET SQL_MODE=@OLD_SQL_MODE */;
/*!40014 SET FOREIGN_KEY_CHECKS=@OLD_FOREIGN_KEY_CHECKS */;
/*!40014 SET UNIQUE_CHECKS=@OLD_UNIQUE_CHECKS */;
/*!40101 SET CHARACTER_SET_CLIENT=@OLD_CHARACTER_SET_CLIENT */;
/*!40101 SET CHARACTER_SET_RESULTS=@OLD_CHARACTER_SET_RESULTS */;
/*!40101 SET COLLATION_CONNECTION=@OLD_COLLATION_CONNECTION */;
/*!40111 SET SQL_NOTES=@OLD_SQL_NOTES */;

-- Dump completed on 2025-01-14 20:34:18
